submission_id,submission_content,other_identifying_marks,submission_date,User_user_id,Pattern_pattern_id
1,Ovis ammon,Pasta Sauces,4/23/2025,1,1
2,Pseudalopex gymnocercus,Frozen Snacks,9/6/2024,2,2
3,Genetta genetta,Building Toys,10/2/2024,3,3
4,Bettongia penicillata,Healthy Snacks,6/8/2025,4,4
5,Haliaetus leucogaster,Cutting Boards & Utensils,10/12/2024,5,5
6,Aonyx cinerea,Accessories,7/22/2025,6,6
7,Tadorna tadorna,Shower Fixtures,5/17/2025,7,7
8,Ictonyx striatus,Strength Training Equipment,6/16/2025,8,8
9,Leptoptilos crumeniferus,Savory Snacks,11/20/2024,9,9
10,Oncorhynchus nerka,Plant-Based Cheese,10/24/2024,10,10
11,Paradoxurus hermaphroditus,Grooming Supplies,4/29/2025,11,11
12,Merops sp.,Decorative Wall Art & Accessories,1/8/2025,12,12
13,Lasiodora parahybana,Baking Mixes,6/2/2025,13,13
14,Spilogale gracilis,Yoga Equipment,8/6/2025,14,14
15,Phaethon aethereus,Educational Toys,5/26/2025,15,15
16,Cracticus nigroagularis,Legumes,5/19/2025,16,16
17,Cracticus nigroagularis,Food Preparation Tools,4/27/2025,17,17
18,Ursus americanus,Home Appliances,1/24/2025,18,18
19,Microcebus murinus,Refrigerators,11/3/2024,19,19
20,unavailable,Cooking Oils,5/9/2025,20,20
21,Otaria flavescens,Vegetarian Meals,9/12/2024,21,21
22,Gazella granti,Cooking Appliances,10/1/2024,22,22
23,Larus fuliginosus,Kits - Sushi,5/9/2025,23,23
24,Mirounga angustirostris,Soups & Broths,11/13/2024,24,24
25,Macropus agilis,Smart Lighting,4/25/2025,25,25
26,Macropus agilis,Nut-Based Snacks,1/13/2025,26,26
27,Phoenicopterus ruber,Vegetable Dips,11/19/2024,27,27
28,Tamiasciurus hudsonicus,Sweet Snacks,11/15/2024,28,28
29,unavailable,Frozen Meal Kits,8/2/2025,29,29
30,Recurvirostra avosetta,Drinkware,7/3/2025,30,30
31,Nucifraga columbiana,Home Fragrance & Accessories,12/23/2024,31,31
32,Salvadora hexalepis,Travel Accessories,10/15/2024,32,32
33,Milvus migrans,Wearable Technology,5/18/2025,33,33
34,Pelecanus conspicillatus,Healthy Snacks,10/10/2024,34,34
35,Erinaceus frontalis,Travel Accessories,12/28/2024,35,35
36,Arctogalidia trivirgata,Instant Breakfast,9/22/2024,36,36
37,Phascogale calura,Bathrobes,3/1/2025,37,37
38,Ovibos moschatus,Dips,9/24/2024,38,38
39,Charadrius tricollaris,Cookies,11/4/2024,39,39
40,Antidorcas marsupialis,Rice,10/26/2024,40,40
41,Lamprotornis superbus,Salad Kits,6/14/2025,41,41
42,Antilocapra americana,Travel Accessories,6/15/2025,42,42
43,Mirounga angustirostris,Condiments,8/4/2025,43,43
44,Tragelaphus strepsiceros,Camping Equipment,3/4/2025,44,44
45,Geospiza sp.,Frozen Snacks,12/1/2024,45,45
46,Alouatta seniculus,Savory Snacks,5/4/2025,46,46
47,Colobus guerza,Personal Care,12/18/2024,47,47
48,Phalacrocorax brasilianus,Candy,11/26/2024,48,48
49,Uraeginthus granatina,Meal Kits,11/19/2024,49,49
50,Martes americana,Noodle Salads,5/12/2025,50,50
51,Macropus eugenii,Poultry,6/5/2025,51,51
52,Lutra canadensis,Ground Meats,12/14/2024,52,52
53,Coluber constrictor,Chocolate Desserts,8/14/2024,53,53
54,Chauna torquata,Dips and Spreads,7/14/2025,54,54
55,Cereopsis novaehollandiae,Small Appliances,8/12/2024,55,55
56,Gyps fulvus,Frozen Pizza,5/11/2025,56,56
57,Hippotragus equinus,Barbecue & Grilled Meats,2/9/2025,57,57
58,Iguana iguana,Tank Tops,4/5/2025,58,58
59,Varanus sp.,Training Supplies,7/8/2025,59,59
60,Pseudalopex gymnocercus,Meat Products,2/1/2025,60,60
61,Streptopelia senegalensis,Healthy Snacks,9/16/2024,61,61
62,Ramphastos tucanus,Vegetarian Salads,10/17/2024,62,62
63,Podargus strigoides,Asian Sauces,1/5/2025,63,63
64,Plocepasser mahali,Building Toys,11/21/2024,64,64
65,Anitibyx armatus,Racquet Sports Equipment,2/9/2025,65,65
66,Laniarius ferrugineus,Marinated Seafood,4/30/2025,66,66
67,Alouatta seniculus,Plant-Based Seasonings,12/31/2024,67,67
68,Turtur chalcospilos,Flavored Butters,11/7/2024,68,68
69,Climacteris melanura,Breads,3/23/2025,69,69
70,Nyctea scandiaca,Breads,7/19/2025,70,70
71,Dendrocygna viduata,Poultry,9/15/2024,71,71
72,Corvus brachyrhynchos,Casual Pants,7/4/2025,72,72
73,Larus novaehollandiae,Spice Blends,8/5/2025,73,73
74,Camelus dromedarius,Camping Equipment,4/15/2025,74,74
75,Pteropus rufus,Aromatherapy & Wellness,8/26/2024,75,75
76,Casmerodius albus,Lighting,1/8/2025,76,76
77,Cervus canadensis,Syrups,8/25/2024,77,77
78,Bassariscus astutus,Networking Equipment,7/25/2025,78,78
79,Orcinus orca,Home Fragrance & Accessories,2/25/2025,79,79
80,Sciurus vulgaris,Cookbooks & Nutrition,10/8/2024,80,80
81,Vulpes cinereoargenteus,Home Organization,6/10/2025,81,81
82,Bettongia penicillata,Seeds & Nuts,11/23/2024,82,82
83,Canis lupus baileyi,Ice Cube Trays,5/27/2025,83,83
84,Limosa haemastica,Seafood,3/5/2025,84,84
85,Dasyprocta leporina,Meat Products,4/18/2025,85,85
86,Ctenophorus ornatus,Remote Control Drones,5/24/2025,86,86
87,Macropus agilis,Small Appliances,5/15/2025,87,87
88,Semnopithecus entellus,Nut Butters,8/19/2024,88,88
89,Aonyx cinerea,Digital Cameras,7/15/2025,89,89
90,Lutra canadensis,Granola/Cereal,1/9/2025,90,90
91,Lamprotornis sp.,Spicy Sauces,6/26/2025,91,91
92,Ratufa indica,Camping Equipment,4/15/2025,92,92
93,Tockus flavirostris,Pasta & Couscous,5/26/2025,93,93
94,Ctenophorus ornatus,Activewear,6/7/2025,94,94
95,Butorides striatus,Pork,6/15/2025,95,95
96,Cereopsis novaehollandiae,Convenience Meal Kits,3/27/2025,96,96
97,Sarcorhamphus papa,Frozen Fruits,5/30/2025,97,97
98,Canis aureus,Outdoor Accessories,9/5/2024,98,98
99,Diomedea irrorata,Cooking Appliances,3/14/2025,99,99
100,Mazama gouazoubira,Granola,8/17/2024,100,100
101,Coluber constrictor foxii,Wearable Technology,3/20/2025,101,101
102,Leprocaulinus vipera,Sauces,7/20/2025,102,102
103,Ciconia episcopus,Mobile Accessories,8/1/2025,103,103
104,Lutra canadensis,Healthy Snacks,11/2/2024,104,104
105,Melanerpes erythrocephalus,Kitchen Storage & Organization,7/31/2025,105,105
106,Pseudalopex gymnocercus,Home Fragrance & Accessories,8/27/2024,106,106
107,Numida meleagris,Dried Fruits,10/20/2024,107,107
108,Macropus robustus,Marinated Meats,3/19/2025,108,108
109,Seiurus aurocapillus,Specialty Grains,11/8/2024,109,109
110,Tachybaptus ruficollis,Lighting,4/9/2025,110,110
111,Sarcophilus harrisii,Travel Accessories,12/15/2024,111,111
112,Pelecans onocratalus,Headwear,5/28/2025,112,112
113,Corvus albus,Cookware,1/6/2025,113,113
114,unavailable,Savory Snacks,9/17/2024,114,114
115,Priodontes maximus,Pet Accessories,11/21/2024,115,115
116,Zenaida galapagoensis,Dips,4/21/2025,116,116
117,Canis mesomelas,Dressing,3/9/2025,117,117
118,Ornithorhynchus anatinus,Shirts,8/2/2025,118,118
119,Theropithecus gelada,Frozen Meals,3/28/2025,119,119
120,Antidorcas marsupialis,Seating,8/28/2024,120,120
121,Eolophus roseicapillus,Outdoor Furniture,3/17/2025,121,121
122,Odocoileus hemionus,Plant-Based Meats,8/25/2024,122,122
123,Uraeginthus granatina,Yoga Equipment,3/22/2025,123,123
124,Agkistrodon piscivorus,Pork,2/13/2025,124,124
125,Nucifraga columbiana,Coats,10/7/2024,125,125
126,Recurvirostra avosetta,Mixed Vegetables,12/19/2024,126,126
127,Gyps fulvus,Dressing,5/3/2025,127,127
128,Recurvirostra avosetta,Frozen Snacks,1/29/2025,128,128
129,Ciconia episcopus,Journals,6/10/2025,129,129
130,Chionis alba,Educational Toys,2/7/2025,130,130
131,Tachybaptus ruficollis,Smart Home & Security,9/14/2024,131,131
132,Equus burchelli,Dips,10/27/2024,132,132
133,Oryx gazella callotis,Vegetarian Soups,9/29/2024,133,133
134,Acrantophis madagascariensis,Herbal Beverages,5/31/2025,134,134
135,Naja haje,Baking Accessories,4/3/2025,135,135
136,Ursus arctos,Canned Soups,9/5/2024,136,136
137,Actophilornis africanus,Herb Blends,2/18/2025,137,137
138,Calyptorhynchus magnificus,Pancakes & Waffles,9/12/2024,138,138
139,Spheniscus mendiculus,Instruments,11/30/2024,139,139
140,Acrantophis madagascariensis,Camping Equipment,4/13/2025,140,140
141,Larus fuliginosus,Camping Equipment,11/29/2024,141,141
142,Helogale undulata,Salad Kits,9/4/2024,142,142
143,Geochelone elephantopus,Herb Blends,4/6/2025,143,143
144,Ictonyx striatus,Outdoor Accessories,7/11/2025,144,144
145,Vulpes vulpes,Muffins,7/5/2025,145,145
146,Crotalus adamanteus,Women's Tops,10/3/2024,146,146
147,Geochelone elegans,Hydration Gear,9/7/2024,147,147
148,Tamiasciurus hudsonicus,Dog Accessories,9/16/2024,148,148
149,Macropus agilis,Smart Lighting,4/15/2025,149,149
150,Meles meles,Scarves,5/19/2025,150,150
151,Amphibolurus barbatus,Gaming Accessories,10/31/2024,151,151
152,Colobus guerza,Cardio Equipment,5/18/2025,152,152
153,Haliaeetus leucocephalus,Vegetable Snacks,7/7/2025,153,153
154,Columba livia,Jackets,10/30/2024,154,154
155,Heloderma horridum,Home Organization,11/3/2024,155,155
156,Morelia spilotes variegata,Prepared Vegetables,1/6/2025,156,156
157,Francolinus coqui,Casual Footwear,6/30/2025,157,157
158,Recurvirostra avosetta,Noodles,10/9/2024,158,158
159,Mellivora capensis,Frozen Seafood,8/23/2024,159,159
160,Bos frontalis,Beverage Appliances,1/16/2025,160,160
161,Falco mexicanus,Frozen Appetizers,10/18/2024,161,161
162,Libellula quadrimaculata,Healthy Snacks,7/25/2025,162,162
163,Dendrocitta vagabunda,Bedding & Linens,10/4/2024,163,163
164,Buteo regalis,Automotive Tools,6/19/2025,164,164
165,Anas punctata,Training Supplies,8/12/2024,165,165
166,Antechinus flavipes,Sweeteners,3/31/2025,166,166
167,Mabuya spilogaster,Furniture,2/27/2025,167,167
168,Physignathus cocincinus,Office Furniture,6/15/2025,168,168
169,Pteronura brasiliensis,Healthy Snacks,2/22/2025,169,169
170,Psophia viridis,Asian Sauces,8/20/2024,170,170
171,Lophoaetus occipitalis,Plant-Based Yogurt,2/4/2025,171,171
172,Manouria emys,Dressing,4/26/2025,172,172
173,Choloepus hoffmani,Pet Accessories,4/13/2025,173,173
174,Ploceus rubiginosus,Tripods & Accessories,12/16/2024,174,174
175,Climacteris melanura,Laptop Accessories,9/14/2024,175,175
176,Mycteria leucocephala,Frozen Smoothies,4/19/2025,176,176
177,Varanus salvator,Kitchen Gadgets,10/22/2024,177,177
178,Meles meles,Pasta,2/24/2025,178,178
179,Neotis denhami,Processed Meats,11/15/2024,179,179
180,Leptoptilus dubius,Granola/Cereal,3/17/2025,180,180
181,Tapirus terrestris,Vegetable Snacks,6/26/2025,181,181
182,Grus antigone,Dog Accessories,1/29/2025,182,182
183,Gyps bengalensis,Desserts,9/27/2024,183,183
184,Cercopithecus aethiops,Kitchen Accessories,10/9/2024,184,184
185,Himantopus himantopus,Frozen Pizza,5/25/2025,185,185
186,Dusicyon thous,Kids' Bags,4/9/2025,186,186
187,Varanus komodensis,Sparkling Beverages,3/20/2025,187,187
188,Corythornis cristata,Sweet Snacks,7/18/2025,188,188
189,Agama sp.,Frozen Vegetarian Meals,9/20/2024,189,189
190,Bison bison,Granola,7/3/2025,190,190
191,Damaliscus dorcas,Camping Equipment,11/19/2024,191,191
192,Merops nubicus,Frozen Snacks,10/11/2024,192,192
193,Sarcophilus harrisii,Kitchen Gadgets,9/2/2024,193,193
194,Eumetopias jubatus,Baking Ingredients,6/28/2025,194,194
195,Ara ararauna,Dress Shirts,4/10/2025,195,195
196,Laniaurius atrococcineus,Cooking Tools & Utensils,8/7/2025,196,196
197,Phalacrocorax carbo,Breads,1/9/2025,197,197
198,Genetta genetta,Grass-Fed Meat Products,11/26/2024,198,198
199,Axis axis,Solar Power Accessories,1/27/2025,199,199
200,Streptopelia senegalensis,Tech Accessories,1/19/2025,200,200
201,Ceryle rudis,Tripods & Accessories,10/1/2024,201,201
202,Acrantophis madagascariensis,Granola & Muesli,12/20/2024,202,202
203,Centrocercus urophasianus,Small Appliances,11/8/2024,203,203
204,Chelodina longicollis,Cooking Accessories,7/6/2025,204,204
205,Meles meles,Cheese,8/2/2025,205,205
206,Geococcyx californianus,Outdoor Play Toys,5/14/2025,206,206
207,Macropus rufus,Baking Accessories,4/16/2025,207,207
208,Butorides striatus,Healthy Salads,10/25/2024,208,208
209,Cervus canadensis,Bikes & Cycling Equipment,12/30/2024,209,209
210,Eolophus roseicapillus,Casual Dresses,9/8/2024,210,210
211,Centrocercus urophasianus,Laptop Accessories,7/8/2025,211,211
212,Funambulus pennati,Candle & Soap Making Supplies,10/21/2024,212,212
213,Hymenolaimus malacorhynchus,Houseplants,2/27/2025,213,213
214,Cebus apella,Smart Home & Security,5/14/2025,214,214
215,Hymenolaimus malacorhynchus,Oral Care & Hygiene,10/15/2024,215,215
216,Chlamydosaurus kingii,Outdoor Accessories,6/7/2025,216,216
217,Ursus americanus,Smoothies,8/17/2024,217,217
218,Kobus vardonii vardoni,Gourmet Ice Cream,4/20/2025,218,218
219,Iguana iguana,Health Drinks,2/14/2025,219,219
220,Genetta genetta,Baking Accessories,4/21/2025,220,220
221,Ephipplorhynchus senegalensis,Oral Care & Hygiene,1/25/2025,221,221
222,Cynictis penicillata,Candy,5/17/2025,222,222
223,Macaca radiata,Travel Accessories,8/22/2024,223,223
224,Platalea leucordia,Syrups,4/26/2025,224,224
225,Streptopelia decipiens,Sports Apparel,4/8/2025,225,225
226,Cacatua tenuirostris,Vegetarian Soups,1/14/2025,226,226
227,Leprocaulinus vipera,Vegetable Dips,1/24/2025,227,227
228,Laniaurius atrococcineus,Beverage Appliances,7/19/2025,228,228
229,Psophia viridis,Gardening Kits,7/30/2025,229,229
230,Speotyte cuniculata,Plant-Based Yogurt,4/11/2025,230,230
231,Physignathus cocincinus,Fitness Accessories,4/7/2025,231,231
232,Phalaropus lobatus,Kitchen Storage & Organization,3/7/2025,232,232
233,Agkistrodon piscivorus,Drinkware,7/2/2025,233,233
234,Proteles cristatus,Healthy Snacks,11/24/2024,234,234
235,Sula dactylatra,Outdoor Accessories,5/13/2025,235,235
236,Rangifer tarandus,Outdoor Accessories,3/26/2025,236,236
237,Chlamydosaurus kingii,Vegetarian Salads,8/21/2024,237,237
238,Choloepus hoffmani,Children's Educational Books,6/2/2025,238,238
239,Macaca fuscata,Drinkware,4/29/2025,239,239
240,Anastomus oscitans,Home Fragrance & Accessories,7/25/2025,240,240
241,Vulpes chama,Healthy Snacks,1/21/2025,241,241
242,Geochelone elephantopus,Frozen Vegetables,3/15/2025,242,242
243,Agama sp.,Chips and Crisps,9/24/2024,243,243
244,Canis mesomelas,Bottoms,5/8/2025,244,244
245,Eubalaena australis,Blenders & Juicers,11/21/2024,245,245
246,Madoqua kirkii,Camping Equipment,1/27/2025,246,246
247,Macropus giganteus,Cooking Appliances,9/11/2024,247,247
248,Chlidonias leucopterus,Desserts,11/2/2024,248,248
249,Francolinus swainsonii,Gluten-Free Treats,6/3/2025,249,249
250,Trichosurus vulpecula,Spice Blends,11/5/2024,250,250
251,Lutra canadensis,Salads,12/11/2024,251,251
252,Tyto novaehollandiae,Headphones,6/17/2025,252,252
253,Lamprotornis chalybaeus,Vegan Baked Goods,5/29/2025,253,253
254,Conolophus subcristatus,Garden Tools,1/28/2025,254,254
255,Gyps fulvus,Pet Health and Care,6/13/2025,255,255
256,Tachyglossus aculeatus,Camping Equipment,12/11/2024,256,256
257,Uraeginthus granatina,Dog Accessories,5/30/2025,257,257
258,Leptoptilos crumeniferus,Home Security,4/7/2025,258,258
259,Mazama americana,Pasta Sauces,1/9/2025,259,259
260,Francolinus coqui,Canned Fruits,5/2/2025,260,260
261,Loris tardigratus,Dairy Alternatives,4/24/2025,261,261
262,Ratufa indica,Prepared Vegetables,11/5/2024,262,262
263,Neotis denhami,Cheese,7/31/2025,263,263
264,Paraxerus cepapi,Outdoor Recreation,1/20/2025,264,264
265,unavailable,Healthy Snacks,7/31/2025,265,265
266,Cervus duvauceli,Grooming Supplies,4/28/2025,266,266
267,Semnopithecus entellus,Herbal Tea,1/11/2025,267,267
268,Alligator mississippiensis,Vegetable-Based Sauces,6/25/2025,268,268
269,Irania gutteralis,Wellness & Relaxation,3/3/2025,269,269
270,Cervus canadensis,Japanese Cooking Kits,1/10/2025,270,270
271,Eolophus roseicapillus,Natural Beverages,6/7/2025,271,271
272,Columba palumbus,Camping Equipment,1/26/2025,272,272
273,Rangifer tarandus,Refrigerators,12/19/2024,273,273
274,Uraeginthus granatina,Kitchen Accessories,4/17/2025,274,274
275,Laniaurius atrococcineus,Shirts,2/13/2025,275,275
276,Mazama gouazoubira,Processed Meats,4/15/2025,276,276
277,Ara chloroptera,Eyewear,8/20/2024,277,277
278,Coluber constrictor,Herbal Tea,7/14/2025,278,278
279,Odocoileus hemionus,Garden Supplies,8/18/2024,279,279
280,Callorhinus ursinus,Phone Accessories,3/4/2025,280,280
281,Meleagris gallopavo,Salads,8/21/2024,281,281
282,Dasypus novemcinctus,Travel Accessories,3/29/2025,282,282
283,Anas punctata,Pet Supplies,8/13/2024,283,283
284,Heloderma horridum,Camping Equipment,10/26/2024,284,284
285,Motacilla aguimp,Granola,11/5/2024,285,285
286,Platalea leucordia,Frozen Grain Bowls,3/15/2025,286,286
287,Sula nebouxii,Cheese,2/27/2025,287,287
288,Genetta genetta,Yoga Equipment,2/20/2025,288,288
289,Bubalus arnee,Smart Security,3/4/2025,289,289
290,Otocyon megalotis,Mixes,11/8/2024,290,290
291,Zosterops pallidus,Salad Kits,4/3/2025,291,291
292,Spermophilus lateralis,Sauces & Condiments,7/11/2025,292,292
293,Chionis alba,Frozen Snacks,3/9/2025,293,293
294,Canis aureus,Car Interior Accessories,3/20/2025,294,294
295,Fratercula corniculata,Emergency Preparedness & First Aid,9/17/2024,295,295
296,unavailable,Storage & Organization,4/21/2025,296,296
297,Geochelone radiata,Pork,4/1/2025,297,297
298,Coluber constrictor,Aromatherapy & Wellness,11/16/2024,298,298
299,Crocodylus niloticus,Fitness Monitors,11/16/2024,299,299
300,Ovis ammon,Frozen Vegetables,12/4/2024,300,300
301,Pteronura brasiliensis,Vegetarian Soups,3/21/2025,301,301
302,Theropithecus gelada,Breakfast Cereals,8/31/2024,302,302
303,Hymenolaimus malacorhynchus,Small Appliances,3/29/2025,303,303
304,Uraeginthus angolensis,Red Meat,5/14/2025,304,304
305,Vombatus ursinus,Dressing,6/11/2025,305,305
306,Macropus robustus,Garden Supplies,8/6/2025,306,306
307,Epicrates cenchria maurus,Seasoning Blends,8/19/2024,307,307
308,Canis latrans,Educational Toys,2/15/2025,308,308
309,Galago crassicaudataus,Eco-Friendly Toys,7/4/2025,309,309
310,Odocoileus hemionus,Rice Dishes,2/8/2025,310,310
311,Streptopelia senegalensis,Olives,1/8/2025,311,311
312,Elephas maximus bengalensis,Baking Ingredients,3/12/2025,312,312
313,Perameles nasuta,Breads,2/24/2025,313,313
314,Corvus brachyrhynchos,Vegetables,6/11/2025,314,314
315,Fulica cristata,Coats,12/5/2024,315,315
316,Zonotrichia capensis,Herbal Tea,7/24/2025,316,316
317,Sarcorhamphus papa,Smart Home & Security,8/27/2024,317,317
318,Phasianus colchicus,Pasta Alternatives,2/8/2025,318,318
319,Spermophilus lateralis,Pet Accessories,11/1/2024,319,319
320,Arctogalidia trivirgata,Healthy Snacks,1/30/2025,320,320
321,Cervus duvauceli,Kitchen Storage & Organization,7/16/2025,321,321
322,Podargus strigoides,Baking Kits,3/17/2025,322,322
323,Tamiasciurus hudsonicus,Herbal Tea,5/21/2025,323,323
324,Lutra canadensis,Headphones,2/19/2025,324,324
325,unavailable,Dips and Spreads,11/17/2024,325,325
326,Anas punctata,Salads,6/11/2025,326,326
327,unavailable,Camping Equipment,10/11/2024,327,327
328,Oreotragus oreotragus,Outdoor Accessories,1/1/2025,328,328
329,Eremophila alpestris,Bagels,7/21/2025,329,329
330,Sus scrofa,Camping Equipment,7/2/2025,330,330
331,Choloepus hoffmani,Salsas,1/24/2025,331,331
332,Boselaphus tragocamelus,Portable Audio & Video Equipment,6/25/2025,332,332
333,Aonyx capensis,Yoga Equipment,10/16/2024,333,333
334,unavailable,Home Fragrance & Accessories,11/11/2024,334,334
335,Phoca vitulina,Casual Dresses,9/4/2024,335,335
336,Chauna torquata,Nut-Based Snacks,2/4/2025,336,336
337,Threskionis aethiopicus,Meal Kits,10/11/2024,337,337
338,Lutra canadensis,Syrups,5/3/2025,338,338
339,Mirounga leonina,Personal Care & Grooming,1/25/2025,339,339
340,Procyon lotor,Bedding & Linens,2/16/2025,340,340
341,Diceros bicornis,Nuts,12/13/2024,341,341
342,Diomedea irrorata,Garden Tools,6/14/2025,342,342
343,Hystrix cristata,Instruments,11/30/2024,343,343
344,Speotyte cuniculata,Processed Meats,7/2/2025,344,344
345,Panthera pardus,Healthy Snacks,4/8/2025,345,345
346,Dasyurus maculatus,Fresh Vegetables,4/24/2025,346,346
347,Chelodina longicollis,Sauces,10/19/2024,347,347
348,Catharacta skua,Ground Meats,2/15/2025,348,348
349,Branta canadensis,Computer Accessories,1/11/2025,349,349
350,Lasiodora parahybana,Seasonal Home Decor,1/3/2025,350,350
351,Microcebus murinus,Gimbals & Stabilizers,11/27/2024,351,351
352,Aepyceros mylampus,Condiments,6/7/2025,352,352
353,Otaria flavescens,Desserts,6/2/2025,353,353
354,Equus burchelli,Tech Accessories,8/31/2024,354,354
355,Geochelone radiata,Oils,2/22/2025,355,355
356,Neotis denhami,Coffee Equipment,10/22/2024,356,356
357,Papilio canadensis,Home Organization,7/12/2025,357,357
358,Papio cynocephalus,Plant-Based Yogurt,3/29/2025,358,358
359,Merops nubicus,Coffee,11/4/2024,359,359
360,Crocodylus niloticus,Health & Wellness Tools,7/12/2025,360,360
361,Junonia genoveua,Muffins,2/22/2025,361,361
362,Pelecanus occidentalis,Grooming Supplies,9/12/2024,362,362
363,Herpestes javanicus,Cycling Accessories,8/5/2025,363,363
364,Pteronura brasiliensis,Educational Toys,2/20/2025,364,364
365,Lophoaetus occipitalis,Outdoor Activity Toys,6/7/2025,365,365
366,Columba palumbus,Coffee Accessories,4/4/2025,366,366
367,Mabuya spilogaster,Small Appliances,6/9/2025,367,367
368,Buteo regalis,Building Toys,1/2/2025,368,368
369,Tayassu pecari,Tablets for Kids,2/11/2025,369,369
370,Dasypus novemcinctus,Mustards,11/4/2024,370,370
371,Tragelaphus scriptus,Superfoods,11/27/2024,371,371
372,Graspus graspus,Cooking Oils,11/8/2024,372,372
373,Nucifraga columbiana,Ground Meats,4/16/2025,373,373
374,Cebus apella,Grooming Supplies,12/16/2024,374,374
375,Phoenicopterus chilensis,Breads,4/27/2025,375,375
376,Grus rubicundus,Savory Snacks,10/27/2024,376,376
377,Lepus townsendii,Legumes,12/31/2024,377,377
378,Sciurus niger,Garden Supplies,1/16/2025,378,378
379,Larus dominicanus,Drinkware,3/26/2025,379,379
380,Paradoxurus hermaphroditus,Granola,11/11/2024,380,380
381,unavailable,Flavored Couscous,11/12/2024,381,381
382,Branta canadensis,Yoga Equipment,4/17/2025,382,382
383,Pelecanus conspicillatus,Health & Wellness Tools,6/23/2025,383,383
384,Papio ursinus,Garden Supplies,9/14/2024,384,384
385,Streptopelia senegalensis,Kitchen Gadgets,9/4/2024,385,385
386,Agelaius phoeniceus,Red Meat,11/3/2024,386,386
387,Delphinus delphis,Sleep & Relaxation,10/13/2024,387,387
388,Propithecus verreauxi,Training Supplies,7/22/2025,388,388
389,Lophoaetus occipitalis,Food Storage Solutions,12/2/2024,389,389
390,Streptopelia decipiens,Sparkling Beverages,12/26/2024,390,390
391,Lepus townsendii,Grain Salads,10/21/2024,391,391
392,Melursus ursinus,Soups & Broths,1/23/2025,392,392
393,Microcavia australis,Cycling Accessories,4/30/2025,393,393
394,Sylvicapra grimma,Strength Training Equipment,8/17/2024,394,394
395,Bubalornis niger,Tea,1/24/2025,395,395
396,Boa constrictor mexicana,Cooking Tools & Utensils,12/16/2024,396,396
397,Myiarchus tuberculifer,Garden Decor,8/17/2024,397,397
398,Acrobates pygmaeus,Eyewear,7/19/2025,398,398
399,Bubo virginianus,Fishing Equipment,3/27/2025,399,399
400,Graspus graspus,Dog Toys,1/23/2025,400,400
401,Corythornis cristata,Juice,3/5/2025,401,401
402,Dicrostonyx groenlandicus,Cleaning Appliances,6/1/2025,402,402
403,Tringa glareola,Herbal Tea,11/17/2024,403,403
404,Dendrocitta vagabunda,Lighting & Lamps,3/20/2025,404,404
405,Phascogale calura,Healthy Snacks,4/10/2025,405,405
406,Hymenolaimus malacorhynchus,Marine Photography Equipment,1/24/2025,406,406
407,Buteo jamaicensis,Chocolate Desserts,8/11/2024,407,407
408,Plegadis falcinellus,Frozen Fruits,10/16/2024,408,408
409,Cygnus atratus,Baking Ingredients,10/5/2024,409,409
410,Halcyon smyrnesis,Educational Toys,1/22/2025,410,410
411,Gymnorhina tibicen,Cooking Tools & Utensils,10/8/2024,411,411
412,Hippopotamus amphibius,Hydration Gear,6/29/2025,412,412
413,Epicrates cenchria maurus,Mustards,12/6/2024,413,413
414,Varanus salvator,Marinated Poultry,7/7/2025,414,414
415,Prionace glauca,Home Decor,1/24/2025,415,415
416,Panthera pardus,Healthy Snacks,2/22/2025,416,416
417,Falco peregrinus,Herbal Tea,10/1/2024,417,417
418,Eudyptula minor,Coffee Equipment,10/7/2024,418,418
419,Felis concolor,Workbenches,7/9/2025,419,419
420,Redunca redunca,Baking Ingredients,1/8/2025,420,420
421,Lasiodora parahybana,Portable Speakers,9/21/2024,421,421
422,Meles meles,Cooking Appliances,12/12/2024,422,422
423,Dicrostonyx groenlandicus,Office Supplies,8/7/2025,423,423
424,Eurocephalus anguitimens,Herbal Tea,10/31/2024,424,424
425,Picoides pubescens,Vegetarian Meals,8/21/2024,425,425
426,Lamprotornis superbus,Vegetable Sides,5/29/2025,426,426
427,Canis aureus,Asian Sauces,10/17/2024,427,427
428,Lamprotornis superbus,Savory Snacks,8/17/2024,428,428
429,Mazama gouazoubira,Healthy Snacks,7/2/2025,429,429
430,Gekko gecko,Healthy Snacks,1/4/2025,430,430
431,Felis silvestris lybica,Cookies & Biscuits,8/9/2025,431,431
432,Pseudocheirus peregrinus,Kitchen Gadgets,3/19/2025,432,432
433,Ateles paniscus,Salsas,6/9/2025,433,433
434,Macropus rufogriseus,Tattoo Supplies,5/31/2025,434,434
435,Nucifraga columbiana,Herbs,5/4/2025,435,435
436,Echimys chrysurus,Wireless Audio Accessories,2/23/2025,436,436
437,Ursus americanus,Healthy Snacks,8/20/2024,437,437
438,Agkistrodon piscivorus,Bath & Body,12/1/2024,438,438
439,Macropus agilis,Seasonal Home Decor,10/3/2024,439,439
440,Macaca radiata,Fitness Equipment,8/1/2025,440,440
441,Corvus albicollis,Prepared Meals,5/6/2025,441,441
442,unavailable,Frozen Appetizers,7/16/2025,442,442
443,Acanthaster planci,Home Accessories,9/12/2024,443,443
444,Phalacrocorax carbo,Frozen Fruits,4/16/2025,444,444
445,Speotyte cuniculata,Automotive Tools,6/30/2025,445,445
446,Felis silvestris lybica,Healthy Snacks,8/12/2024,446,446
447,Dicrurus adsimilis,Coffee Equipment,12/1/2024,447,447
448,Felis silvestris lybica,Pasta Alternatives,8/3/2025,448,448
449,Certotrichas paena,Cooking Tools & Utensils,4/7/2025,449,449
450,Paraxerus cepapi,Fitness & Nutrition,11/21/2024,450,450
451,Graspus graspus,Lighting,4/6/2025,451,451
452,Tauraco porphyrelophus,Processed Meats,5/21/2025,452,452
453,Casmerodius albus,Soccer,1/15/2025,453,453
454,Actophilornis africanus,Noodles,8/21/2024,454,454
455,Hystrix indica,Jewelry Storage,7/20/2025,455,455
456,Cercatetus concinnus,Candy,10/27/2024,456,456
457,Phoenicopterus ruber,Grooming Supplies,5/19/2025,457,457
458,Alcelaphus buselaphus cokii,Fresh Cut Fruits,6/13/2025,458,458
459,Herpestes javanicus,Baking Accessories,7/26/2025,459,459
460,Paradoxurus hermaphroditus,Protein Snacks,10/11/2024,460,460
461,Chelodina longicollis,Pasta Alternatives,4/30/2025,461,461
462,Picoides pubescens,Jerky,8/21/2024,462,462
463,Cereopsis novaehollandiae,Garden Supplies,12/1/2024,463,463
464,Tyto novaehollandiae,Educational Toys,3/1/2025,464,464
465,Anas bahamensis,Casual Footwear,6/18/2025,465,465
466,Physignathus cocincinus,Marinades and Sauces,10/16/2024,466,466
467,unavailable,Audio Equipment,2/11/2025,467,467
468,Eudromia elegans,Mobile Accessories,5/25/2025,468,468
469,Chionis alba,Coffee Equipment,10/31/2024,469,469
470,Butorides striatus,Strength Training Equipment,1/8/2025,470,470
471,Mazama americana,Dips and Spreads,12/13/2024,471,471
472,Dicrostonyx groenlandicus,Health Devices,4/28/2025,472,472
473,Coluber constrictor,Health Monitoring Devices,5/26/2025,473,473
474,Anthropoides paradisea,Hair Care Tools,11/6/2024,474,474
475,Lamprotornis nitens,Smart Lighting,5/21/2025,475,475
476,Neotoma sp.,Small Appliances,5/3/2025,476,476
477,Larus novaehollandiae,Soups & Broths,2/16/2025,477,477
478,Ursus maritimus,Home Fragrance & Accessories,7/7/2025,478,478
479,Pseudocheirus peregrinus,Baking Accessories,7/7/2025,479,479
480,Hippotragus equinus,Cheese,12/19/2024,480,480
481,Phoenicopterus chilensis,Gourmet Snacks,10/22/2024,481,481
482,Tetracerus quadricornis,Wallets,10/19/2024,482,482
483,Aegypius occipitalis,Herbal Tea,1/16/2025,483,483
484,Mabuya spilogaster,Frozen Meals,12/25/2024,484,484
485,Upupa epops,Home Organization,2/14/2025,485,485
486,Acanthaster planci,Dressing,3/8/2025,486,486
487,Ovis orientalis,Portable Audio & Video Equipment,6/2/2025,487,487
488,Genetta genetta,Barware,2/25/2025,488,488
489,Tachybaptus ruficollis,Cookies,3/15/2025,489,489
490,Dendrohyrax brucel,Guacamole,11/22/2024,490,490
491,Lamprotornis chalybaeus,Outdoor Accessories,1/29/2025,491,491
492,Balearica pavonina,Tech Accessories,3/21/2025,492,492
493,Tamiasciurus hudsonicus,Sweeteners,10/6/2024,493,493
494,Zenaida galapagoensis,Grooming Supplies,10/28/2024,494,494
495,Stenella coeruleoalba,Camping Equipment,12/4/2024,495,495
496,Vombatus ursinus,Herb Blends,9/1/2024,496,496
497,Papio cynocephalus,Frozen Asian Meals,6/24/2025,497,497
498,Agouti paca,International Cuisine,4/21/2025,498,498
499,Bubalornis niger,Prepared Poultry,7/27/2025,499,499
500,Pseudocheirus peregrinus,Vegetable Mixes,9/11/2024,500,500
501,Ovis dalli stonei,Coffee Equipment,10/4/2024,501,501
502,Carduelis pinus,Mixes,10/22/2024,502,502
503,Dasyurus maculatus,Pies & Quiches,11/3/2024,503,503
504,Canis aureus,Automotive Accessories,7/23/2025,504,504
505,Semnopithecus entellus,Yogurt,6/25/2025,505,505
506,Dendrocygna viduata,Salsas,2/5/2025,506,506
507,Plegadis ridgwayi,Cooking Tools & Utensils,11/1/2024,507,507
508,Junonia genoveua,Lighting & Lamps,7/13/2025,508,508
509,Megaderma spasma,Casseroles,6/3/2025,509,509
510,Cercopithecus aethiops,Granola/Cereal,8/7/2025,510,510
511,Tayassu tajacu,Sauces,10/12/2024,511,511
512,Streptopelia senegalensis,Travel Accessories,2/3/2025,512,512
513,Ninox superciliaris,Outdoor Furniture,3/17/2025,513,513
514,Mirounga angustirostris,Cutlery,12/4/2024,514,514
515,Bubalus arnee,Cookware,1/14/2025,515,515
516,Manouria emys,Dips/Spreads,10/20/2024,516,516
517,Boselaphus tragocamelus,Vegetables,8/22/2024,517,517
518,Microcebus murinus,Savory Snacks,9/17/2024,518,518
519,Bradypus tridactylus,Seasonal Items,10/27/2024,519,519
520,Equus hemionus,Frozen Pasta Dishes,1/12/2025,520,520
521,Hyaena hyaena,Noodles,2/9/2025,521,521
522,Uraeginthus granatina,Travel Accessories,4/18/2025,522,522
523,Delphinus delphis,Pain Relief,8/31/2024,523,523
524,Ardea cinerea,Smart Lighting,6/3/2025,524,524
525,Macropus agilis,Frozen Vegetable Dishes,8/24/2024,525,525
526,Alopex lagopus,Hydration Gear,8/2/2025,526,526
527,Sterna paradisaea,Leggings,4/13/2025,527,527
528,unavailable,Frozen Vegetarian Meals,11/24/2024,528,528
529,Phascogale calura,Office Supplies,2/26/2025,529,529
530,Raphicerus campestris,Canned Vegetables,6/27/2025,530,530
531,Tenrec ecaudatus,Pet Accessories,6/3/2025,531,531
532,Pseudalopex gymnocercus,Makeup,1/5/2025,532,532
533,Tetracerus quadricornis,Creative Toys,9/14/2024,533,533
534,Paraxerus cepapi,Activewear Bras,10/21/2024,534,534
535,Pandon haliaetus,Home Footwear,5/5/2025,535,535
536,Hystrix cristata,Pancakes & Waffles,4/28/2025,536,536
537,Cynictis penicillata,Granola/Cereal,5/8/2025,537,537
538,Ardea cinerea,Garden Decor,6/26/2025,538,538
539,Eudromia elegans,Barware,3/3/2025,539,539
540,Butorides striatus,Healthy Salads,8/6/2025,540,540
541,Phalacrocorax carbo,Yoga Equipment,9/4/2024,541,541
542,Charadrius tricollaris,Automotive Accessories,12/28/2024,542,542
543,Larus dominicanus,Nut Butters,8/10/2025,543,543
544,Lamprotornis chalybaeus,Savory Breakfast Options,5/30/2025,544,544
545,Lycaon pictus,Marinades,1/11/2025,545,545
546,Anas bahamensis,Sweet Snacks,9/25/2024,546,546
547,Tragelaphus strepsiceros,Kitchen Accessories,6/6/2025,547,547
548,Connochaetus taurinus,Car Cleaning,5/1/2025,548,548
549,Damaliscus lunatus,Lighting & Lamps,9/4/2024,549,549
550,Boa caninus,Dinnerware,10/4/2024,550,550
551,Nycticorax nycticorax,Salads,1/7/2025,551,551
552,Zosterops pallidus,Educational Toys,1/6/2025,552,552
553,Climacteris melanura,Breads,9/27/2024,553,553
554,Nannopterum harrisi,Snacks,9/12/2024,554,554
555,Isoodon obesulus,Cat Furniture,7/5/2025,555,555
556,Acrantophis madagascariensis,Office Supplies,6/16/2025,556,556
557,unavailable,Camping Equipment,1/17/2025,557,557
558,Macropus agilis,Women's Footwear,2/5/2025,558,558
559,Pseudoleistes virescens,Cycling Accessories,5/24/2025,559,559
560,Phascogale calura,Granola and Muesli,2/17/2025,560,560
561,Spermophilus richardsonii,Kitchen Gadgets,8/15/2024,561,561
562,Procyon cancrivorus,Dried Fruits,9/10/2024,562,562
563,Rhea americana,Healthy Salads,4/18/2025,563,563
564,Acrobates pygmaeus,Hair Care Tools,11/7/2024,564,564
565,Gyps fulvus,Ice Cream Flavors,10/13/2024,565,565
566,Trichosurus vulpecula,Pancakes & Waffles,8/7/2025,566,566
567,Naja haje,Travel Accessories,11/22/2024,567,567
568,Tachybaptus ruficollis,Dried Fruits,1/17/2025,568,568
569,Crocodylus niloticus,Outdoor Cleaning,6/6/2025,569,569
570,Neotoma sp.,Convenience Meal Kits,12/14/2024,570,570
571,Meles meles,Nuts and Trail Mix,11/18/2024,571,571
572,unavailable,Soups,11/30/2024,572,572
573,Ictonyx striatus,Ground Meats,2/23/2025,573,573
574,Falco mexicanus,Laptop Accessories,12/3/2024,574,574
575,Lamprotornis nitens,Cooking Tools & Utensils,5/20/2025,575,575
576,Cracticus nigroagularis,Athletic Footwear,6/28/2025,576,576
577,unavailable,Cooking Appliances,8/23/2024,577,577
578,Cacatua tenuirostris,Poultry,9/14/2024,578,578
579,Ciconia episcopus,Spice Blends,6/2/2025,579,579
580,Phascogale tapoatafa,Home Entertainment Equipment,10/12/2024,580,580
581,Otaria flavescens,Baking Ingredients,1/6/2025,581,581
582,Didelphis virginiana,Garden Tools,10/4/2024,582,582
583,Choloepus hoffmani,Flavored Yogurt,5/23/2025,583,583
584,Loris tardigratus,Health Drinks,2/23/2025,584,584
585,Geochelone elegans,Granola/Cereal,9/23/2024,585,585
586,Libellula quadrimaculata,Furniture,1/28/2025,586,586
587,Meles meles,Home Decor,7/15/2025,587,587
588,Uraeginthus angolensis,Frozen Fruits,10/19/2024,588,588
589,Macropus agilis,Building Toys,7/22/2025,589,589
590,Manouria emys,Air Quality & Purification,5/4/2025,590,590
591,Anser caerulescens,Herbs and Spices,10/13/2024,591,591
592,Lamprotornis nitens,Salad Mixes,12/27/2024,592,592
593,Bos taurus,Grooming Supplies,9/17/2024,593,593
594,Felis concolor,Camera Accessories,6/20/2025,594,594
595,Otaria flavescens,Decorative Wall Art & Accessories,4/5/2025,595,595
596,Antilope cervicapra,Prepared Fruit,9/8/2024,596,596
597,Arctogalidia trivirgata,Marinades,12/4/2024,597,597
598,Isoodon obesulus,Bedding & Linens,11/23/2024,598,598
599,Rana sp.,Art Supplies,10/27/2024,599,599
600,Eurocephalus anguitimens,Vegetables,5/4/2025,600,600
601,Damaliscus lunatus,Self-Defense Tools,8/10/2025,601,601
602,Himantopus himantopus,Sweaters,7/20/2025,602,602
603,Laniarius ferrugineus,Frozen Meals,2/9/2025,603,603
604,Macaca mulatta,Oils,4/28/2025,604,604
605,Zenaida galapagoensis,Sparkling Beverages,11/3/2024,605,605
606,Haematopus ater,Art Supplies,4/3/2025,606,606
607,Ramphastos tucanus,Health Drinks,3/17/2025,607,607
608,Castor fiber,Chili,3/17/2025,608,608
609,Sciurus vulgaris,Garden Tools,8/19/2024,609,609
610,unavailable,Gourmet Snacks,4/30/2025,610,610
611,Corythornis cristata,Nut-Based Snacks,1/1/2025,611,611
612,Sciurus vulgaris,Organizational Tools,3/19/2025,612,612
613,Pseudalopex gymnocercus,Deli Meats,12/17/2024,613,613
614,Branta canadensis,Fitness & Nutrition,8/21/2024,614,614
615,Ammospermophilus nelsoni,Indoor Gardening Kits,2/25/2025,615,615
616,Canis mesomelas,Vegetable-Based Sauces,7/16/2025,616,616
617,Certotrichas paena,Frozen Grain Bowls,3/31/2025,617,617
618,Nucifraga columbiana,Headphones & Earbuds,11/19/2024,618,618
619,Semnopithecus entellus,Pet Health and Care,7/3/2025,619,619
620,Sula dactylatra,Grooming Supplies,6/25/2025,620,620
621,Bison bison,Cameras & Photography,3/5/2025,621,621
622,Graspus graspus,Computer Accessories,2/22/2025,622,622
623,Milvago chimachima,Pickles,6/11/2025,623,623
624,Sceloporus magister,Savory Snacks,8/7/2025,624,624
625,Cathartes aura,Frozen Pizza Crusts,12/30/2024,625,625
626,Gorilla gorilla,Garden Tools,10/26/2024,626,626
627,Anitibyx armatus,Smartwatches,7/4/2025,627,627
628,Falco mexicanus,Eco-Friendly Kitchen Products,5/22/2025,628,628
629,Spermophilus richardsonii,Seasoned Grains,3/3/2025,629,629
630,Dasyprocta leporina,Mobile Accessories,10/15/2024,630,630
631,Butorides striatus,Garden Supplies,5/17/2025,631,631
632,Haliaetus vocifer,Gourmet Snacks,11/19/2024,632,632
633,Bassariscus astutus,Portable Speakers,4/26/2025,633,633
634,Bettongia penicillata,Painting Kits,12/30/2024,634,634
635,Tragelaphus angasi,Smoothies,11/5/2024,635,635
636,Ovis musimon,Health Monitoring Devices,1/21/2025,636,636
637,Tamandua tetradactyla,Condiments,8/17/2024,637,637
638,Neotoma sp.,Oils,12/29/2024,638,638
639,Dolichitus patagonum,Wraps & Sandwiches,8/19/2024,639,639
640,Calyptorhynchus magnificus,Decorative Wall Art & Accessories,2/19/2025,640,640
641,Alopex lagopus,Gimbals & Stabilizers,6/17/2025,641,641
642,Propithecus verreauxi,Granola and Muesli,8/29/2024,642,642
643,Ephippiorhynchus mycteria,Sauces & Condiments,4/14/2025,643,643
644,Eubalaena australis,Nut Butters,6/5/2025,644,644
645,Paraxerus cepapi,Asian Sauces,7/9/2025,645,645
646,Ursus maritimus,Outdoor Recreation,6/10/2025,646,646
647,Spermophilus parryii,Phone Accessories,7/22/2025,647,647
648,Bettongia penicillata,Power Tools,2/11/2025,648,648
649,Spermophilus parryii,Sweet Snacks,10/4/2024,649,649
650,Rhea americana,Canned Seafood,7/31/2025,650,650
651,Chlidonias leucopterus,Travel Accessories,11/30/2024,651,651
652,Chlamydosaurus kingii,Cleaning Supplies,8/27/2024,652,652
653,Colobus guerza,Herbal Tea,9/22/2024,653,653
654,Acrantophis madagascariensis,Accessories,5/26/2025,654,654
655,Zenaida galapagoensis,Prepared Meals,10/13/2024,655,655
656,Varanus sp.,Pasta Sauces,10/28/2024,656,656
657,Echimys chrysurus,Vegetarian Salads,3/16/2025,657,657
658,Galago crassicaudataus,Plant-Based Meals,3/1/2025,658,658
659,Crotaphytus collaris,Gardening Accessories,10/31/2024,659,659
660,Varanus sp.,Cooking Appliances,3/10/2025,660,660
661,Macropus agilis,Tanks & Sleeveless Tops,9/5/2024,661,661
662,Oryx gazella callotis,Home Organization,9/30/2024,662,662
663,Crocuta crocuta,Gluten-Free Baked Goods,2/25/2025,663,663
664,Uraeginthus angolensis,Savory Snacks,5/11/2025,664,664
665,Tiliqua scincoides,Camping Equipment,7/26/2025,665,665
666,Grus rubicundus,Herbs and Spices,4/17/2025,666,666
667,Damaliscus lunatus,Travel Accessories,5/1/2025,667,667
668,Odocoileus hemionus,Salsas,7/30/2025,668,668
669,Papio cynocephalus,Shirts,7/3/2025,669,669
670,Phalacrocorax brasilianus,Herbal Beverages,1/23/2025,670,670
671,Cebus apella,Savory Snacks,8/6/2025,671,671
672,Lepus arcticus,Mobile Accessories,9/2/2024,672,672
673,Porphyrio porphyrio,Bags,2/5/2025,673,673
674,Plegadis falcinellus,Dairy Alternatives,3/10/2025,674,674
675,Boselaphus tragocamelus,Wallets,12/16/2024,675,675
676,Merops sp.,Wireless Audio Accessories,1/4/2025,676,676
677,Acinynox jubatus,Nuts and Seeds,3/21/2025,677,677
678,Colobus guerza,Camping Equipment,10/12/2024,678,678
679,Lorythaixoides concolor,Laptop Accessories,9/5/2024,679,679
680,Phoenicopterus ruber,Automotive Accessories,8/1/2025,680,680
681,Ovis ammon,Gardening Accessories,10/14/2024,681,681
682,Dusicyon thous,Women's Dress Shoes,5/24/2025,682,682
683,Stercorarius longicausus,Emergency Preparedness & First Aid,3/21/2025,683,683
684,Junonia genoveua,Outdoor Accessories,12/23/2024,684,684
685,Potamochoerus porcus,Outdoor Accessories,9/25/2024,685,685
686,Stenella coeruleoalba,Indoor Gardening Supplies,12/5/2024,686,686
687,Lasiorhinus latifrons,Granola/Cereal,3/16/2025,687,687
688,Meleagris gallopavo,Camping Equipment,7/16/2025,688,688
689,Phalacrocorax carbo,Yogurt,4/9/2025,689,689
690,Nesomimus trifasciatus,Pet Accessories,3/18/2025,690,690
691,Taurotagus oryx,Dairy Desserts,3/26/2025,691,691
692,Sciurus vulgaris,Healthy Snacks,9/23/2024,692,692
693,Erinaceus frontalis,Smart Home & Security,1/19/2025,693,693
694,Larus novaehollandiae,Shirts,7/28/2025,694,694
695,Larus dominicanus,Lighting & Lamps,9/4/2024,695,695
696,Trichoglossus haematodus moluccanus,Coffee Equipment,5/9/2025,696,696
697,Trichosurus vulpecula,Sleep & Relaxation,12/24/2024,697,697
698,Neotis denhami,Seeds & Nuts,12/15/2024,698,698
699,Francolinus leucoscepus,Herbal Butters,4/18/2025,699,699
700,Anthropoides paradisea,Baking Mixes,3/19/2025,700,700
701,Notechis semmiannulatus,Healthy Snacks,10/15/2024,701,701
702,Connochaetus taurinus,Bags,7/13/2025,702,702
703,Carduelis uropygialis,Kitchen Accessories,4/1/2025,703,703
704,Carduelis uropygialis,Camping Equipment,1/26/2025,704,704
705,Bettongia penicillata,Car Cleaning,10/22/2024,705,705
706,Hyaena brunnea,Small Appliances,11/23/2024,706,706
707,Mustela nigripes,Hydration Gear,11/17/2024,707,707
708,Toxostoma curvirostre,Laptop Accessories,10/8/2024,708,708
709,Phalacrocorax brasilianus,Gluten-Free Treats,6/21/2025,709,709
710,Limnocorax flavirostra,Cutting Boards & Utensils,3/26/2025,710,710
711,Sylvicapra grimma,Pasta Sauces,1/1/2025,711,711
712,Alligator mississippiensis,Frozen Vegetables,4/10/2025,712,712
713,Ramphastos tucanus,Mirrors,4/12/2025,713,713
714,Taurotagus oryx,Home Accessories,11/23/2024,714,714
715,Limnocorax flavirostra,STEM Learning Toys,10/4/2024,715,715
716,Lamprotornis chalybaeus,Building Toys,7/19/2025,716,716
717,Neophron percnopterus,Breads,12/9/2024,717,717
718,Sciurus niger,Mixes,10/26/2024,718,718
719,Gabianus pacificus,Massage Therapy,4/17/2025,719,719
720,Erinaceus frontalis,Phone Accessories,6/19/2025,720,720
721,Ateles paniscus,Productivity,5/12/2025,721,721
722,Chloephaga melanoptera,Vegetable Snacks,9/5/2024,722,722
723,Vulpes chama,Yoga Equipment,5/26/2025,723,723
724,Butorides striatus,Eco-Friendly Kitchen Products,9/12/2024,724,724
725,Lepus townsendii,Sweaters,9/6/2024,725,725
726,Lophoaetus occipitalis,Vegetarian Salads,12/21/2024,726,726
727,Haliaeetus leucoryphus,Cameras & Photography,7/19/2025,727,727
728,Pavo cristatus,Meal Kits - Pasta,12/19/2024,728,728
729,Laniaurius atrococcineus,Yoga Equipment,11/13/2024,729,729
730,Eudromia elegans,Vegetarian Salads,8/26/2024,730,730
731,Fulica cristata,Accessories,7/29/2025,731,731
732,Gyps bengalensis,Casual Footwear,3/8/2025,732,732
733,Canis lupus lycaon,Indoor Gardening Kits,7/9/2025,733,733
734,Deroptyus accipitrinus,Meat Products,5/10/2025,734,734
735,Butorides striatus,Seasoning Blends,5/28/2025,735,735
736,Alligator mississippiensis,Emergency Preparedness & First Aid,1/14/2025,736,736
737,Gyps bengalensis,Condiments,6/4/2025,737,737
738,Sula dactylatra,Dog Accessories,4/10/2025,738,738
739,Lutra canadensis,Wellness & Relaxation,1/13/2025,739,739
740,Bassariscus astutus,Herbs & Spices,8/25/2024,740,740
741,Echimys chrysurus,Kitchen Accessories,5/20/2025,741,741
742,Taurotagus oryx,Marinated Meats,2/27/2025,742,742
743,Pycnonotus nigricans,Camping Equipment,2/18/2025,743,743
744,Grus rubicundus,Leggings,12/1/2024,744,744
745,Chordeiles minor,Nut Butters,6/29/2025,745,745
746,Halcyon smyrnesis,Oral Care & Hygiene,12/18/2024,746,746
747,Ephippiorhynchus mycteria,Baking Ingredients,3/4/2025,747,747
748,Francolinus coqui,Smoked Seafood,6/3/2025,748,748
749,Ictalurus furcatus,Garden Decor,12/18/2024,749,749
750,Merops nubicus,Storage & Organization,5/20/2025,750,750
751,Ardea golieth,Hot Sauces,7/17/2025,751,751
752,Genetta genetta,Healthy Snacks,5/25/2025,752,752
753,Crocuta crocuta,Outerwear - Faux Fur,11/29/2024,753,753
754,Ctenophorus ornatus,Automotive Accessories,8/17/2024,754,754
755,Acinynox jubatus,Athletic Footwear,1/6/2025,755,755
756,Macropus agilis,Sauces,1/14/2025,756,756
757,Trichosurus vulpecula,Eco-Friendly Kitchen Products,5/7/2025,757,757
758,Felis concolor,Kitchen Gadgets,4/29/2025,758,758
759,unavailable,Bathrobes,4/8/2025,759,759
760,Mazama gouazoubira,Hoodies,1/29/2025,760,760
761,Vanessa indica,Home Organization,6/17/2025,761,761
762,Anastomus oscitans,Cheese,7/20/2025,762,762
763,Phascogale calura,Rice,7/22/2025,763,763
764,Isoodon obesulus,Printers & Scanners,7/9/2025,764,764
765,Dendrocitta vagabunda,Home Organization,5/27/2025,765,765
766,Tursiops truncatus,Outdoor Activity Toys,7/18/2025,766,766
767,Mellivora capensis,Travel Accessories,5/21/2025,767,767
768,Actophilornis africanus,Camping Equipment,9/8/2024,768,768
769,Theropithecus gelada,Bedding & Linens,1/11/2025,769,769
770,Corvus brachyrhynchos,Car Cleaning,2/23/2025,770,770
771,Chordeiles minor,Grain Salads,9/9/2024,771,771
772,Rhabdomys pumilio,Laptop Accessories,4/25/2025,772,772
773,Larus dominicanus,Cheese,2/5/2025,773,773
774,Ardea golieth,Home Fragrance & Accessories,7/20/2025,774,774
775,Laniarius ferrugineus,Outdoor Accessories,6/15/2025,775,775
776,Plocepasser mahali, smoothies,1/27/2025,776,776
777,Sus scrofa,Frozen Snacks,7/6/2025,777,777
778,Ardea golieth,Fresh Cut Fruits,5/8/2025,778,778
779,Phoca vitulina,Chocolate Snacks,11/25/2024,779,779
780,Tiliqua scincoides,Travel Accessories,7/28/2025,780,780
781,Lama guanicoe,Frozen Snacks,2/26/2025,781,781
782,Dicrostonyx groenlandicus,Massage Therapy,8/16/2024,782,782
783,Vanellus chilensis,Printers & Scanners,6/10/2025,783,783
784,Phalacrocorax niger,Journals,2/13/2025,784,784
785,Trachyphonus vaillantii,Furniture,1/3/2025,785,785
786,Lemur catta,Beverages,9/15/2024,786,786
787,Cordylus giganteus,Bagels,9/1/2024,787,787
788,Coendou prehensilis,Digital Cameras,1/30/2025,788,788
789,Pelecans onocratalus,Eco-Friendly Kitchen Products,8/8/2025,789,789
790,Equus hemionus,Nuts and Trail Mix,5/17/2025,790,790
791,Funambulus pennati,Cooking Tools & Utensils,1/26/2025,791,791
792,Butorides striatus,Wireless Audio Accessories,4/4/2025,792,792
793,Cervus unicolor,Healthy Snacks,11/17/2024,793,793
794,Bubo virginianus,Vegetables,12/10/2024,794,794
795,Tursiops truncatus,Croutons,11/14/2024,795,795
796,Cervus canadensis,Sweet Snacks,12/2/2024,796,796
797,Smithopsis crassicaudata,Frozen Snacks,2/12/2025,797,797
798,Zonotrichia capensis,Outdoor Accessories,1/7/2025,798,798
799,Neophron percnopterus,Lighting,7/24/2025,799,799
800,Chauna torquata,Wearable Technology,4/11/2025,800,800
801,Alouatta seniculus,Furniture,12/3/2024,801,801
802,Graspus graspus,Pet Accessories,6/1/2025,802,802
803,Ramphastos tucanus,Laptop Accessories,1/16/2025,803,803
804,Eutamias minimus,Grooming Supplies,10/13/2024,804,804
805,Nasua nasua,Savory Nuts,12/8/2024,805,805
806,Mungos mungo,Remote Control Drones,1/14/2025,806,806
807,Gopherus agassizii,Granola,10/31/2024,807,807
808,Alouatta seniculus,Laptop Accessories,5/26/2025,808,808
809,Varanus salvator,Vegetable Mixes,6/9/2025,809,809
810,Larus dominicanus,Candle & Soap Making Supplies,1/26/2025,810,810
811,Pelecanus occidentalis,Camping Equipment,1/15/2025,811,811
812,Phalacrocorax varius,Bathrobes,8/5/2025,812,812
813,Arctogalidia trivirgata,Marinades,3/17/2025,813,813
814,Boa constrictor mexicana,Frozen Vegetables,3/18/2025,814,814
815,Hippotragus niger,Power Accessories,6/21/2025,815,815
816,Panthera leo,Frozen Snacks,8/21/2024,816,816
817,Bos taurus,Natural Sweeteners,3/22/2025,817,817
818,Eutamias minimus,Olives,9/16/2024,818,818
819,Raphicerus campestris,Pet Feeding Supplies,10/23/2024,819,819
820,Eubalaena australis,Pies & Quiches,8/30/2024,820,820
821,Streptopelia decipiens,Specialty Pasta,9/12/2024,821,821
822,Tamandua tetradactyla,Grass-Fed Meat Products,8/9/2025,822,822
823,Hymenolaimus malacorhynchus,Casual Shirts,11/3/2024,823,823
824,Myrmecobius fasciatus,Sauces & Condiments,10/23/2024,824,824
825,unavailable,Coffee Accessories,1/10/2025,825,825
826,Macaca mulatta,Small Appliances,11/20/2024,826,826
827,Kobus leche robertsi,Savory Snacks,7/10/2025,827,827
828,Balearica pavonina,Juice,12/17/2024,828,828
829,Prionace glauca,Dinnerware,7/17/2025,829,829
830,Felis concolor,Granola,5/14/2025,830,830
831,Phylurus milli,Herbal Tea,5/7/2025,831,831
832,Axis axis,Mixes,2/26/2025,832,832
833,Plegadis ridgwayi,Yoga Equipment,12/10/2024,833,833
834,Neophron percnopterus,Red Meat,8/11/2024,834,834
835,Odocoileus hemionus,Cooking Appliances,10/17/2024,835,835
836,Ara chloroptera,Health Monitoring Devices,1/10/2025,836,836
837,Lycosa godeffroyi,Salads,6/4/2025,837,837
838,Vulpes cinereoargenteus,Wallets,2/3/2025,838,838
839,Cereopsis novaehollandiae,Spicy Sauces,9/21/2024,839,839
840,Cracticus nigroagularis,Savory Nuts,1/30/2025,840,840
841,Ammospermophilus nelsoni,Sparkling Beverages,12/31/2024,841,841
842,Libellula quadrimaculata,Bedding & Linens,8/28/2024,842,842
843,Castor fiber,Spicy Sauces,1/9/2025,843,843
844,Vulpes cinereoargenteus,Graphic Tees,7/3/2025,844,844
845,unavailable,Automotive Accessories,6/12/2025,845,845
846,Psittacula krameri,Cookies & Biscuits,10/6/2024,846,846
847,Canis lupus,Storage Devices,3/9/2025,847,847
848,Dicrostonyx groenlandicus,Outdoor Accessories,7/21/2025,848,848
849,Laniarius ferrugineus,Healthy Snacks,4/29/2025,849,849
850,Chlidonias leucopterus,Frozen Vegetables,10/5/2024,850,850
851,Ramphastos tucanus,Office Accessories,8/12/2024,851,851
852,Butorides striatus,Nutritional Supplements,10/29/2024,852,852
853,Spheniscus mendiculus,Prepared Poultry,10/31/2024,853,853
854,Isoodon obesulus,Decorative Wall Art & Accessories,2/11/2025,854,854
855,Choriotis kori,Vegetable Sides,6/8/2025,855,855
856,Fulica cristata,Motorcycle Accessories,9/30/2024,856,856
857,Pteropus rufus,Travel Accessories,10/2/2024,857,857
858,Graspus graspus,Lighting,3/31/2025,858,858
859,Trichoglossus haematodus moluccanus,Grooming Supplies,6/14/2025,859,859
860,Anas bahamensis,Cookware,10/23/2024,860,860
861,Lasiodora parahybana,Pet Safety Gear,6/11/2025,861,861
862,Mirounga leonina,Robotic Cleaners,7/13/2025,862,862
863,Pseudoleistes virescens,Pancake and Waffle Mixes,3/4/2025,863,863
864,Acrobates pygmaeus,Hoodies,3/1/2025,864,864
865,Cacatua tenuirostris,Nuts and Trail Mix,11/14/2024,865,865
866,Trichoglossus haematodus moluccanus,Pet Health and Care,2/17/2025,866,866
867,Phalacrocorax albiventer,Gluten-Free Desserts,3/24/2025,867,867
868,Bubulcus ibis,Massage Therapy,10/22/2024,868,868
869,Mephitis mephitis,Mixes,9/22/2024,869,869
870,Galago crassicaudataus,Health Drinks,5/13/2025,870,870
871,Francolinus coqui,Rice,4/16/2025,871,871
872,Equus hemionus,Sleep Aids,1/27/2025,872,872
873,Pavo cristatus,Cutting Boards & Utensils,1/5/2025,873,873
874,Cereopsis novaehollandiae,Kitchen Accessories,10/4/2024,874,874
875,Cacatua tenuirostris,Fruits & Vegetables,12/7/2024,875,875
876,Trachyphonus vaillantii,Pasta,2/26/2025,876,876
877,Sarkidornis melanotos,Chocolate Desserts,9/12/2024,877,877
878,Haematopus ater,Healthy Desserts,6/18/2025,878,878
879,Ara ararauna,Food Storage Solutions,3/1/2025,879,879
880,Crotalus triseriatus,Dried Spices,8/9/2025,880,880
881,Phoenicopterus ruber,Hair Care Tools,5/19/2025,881,881
882,Anastomus oscitans,Tea,3/3/2025,882,882
883,Cebus apella,Vegetable Purees,4/4/2025,883,883
884,Pycnonotus nigricans,Vegetable Snacks,1/2/2025,884,884
885,Phalaropus fulicarius,Drones & Accessories,4/30/2025,885,885
886,Lorythaixoides concolor,Cat Care,8/1/2025,886,886
887,Eumetopias jubatus,Instruments,6/18/2025,887,887
888,unavailable,Kitchen Accessories,3/4/2025,888,888
889,Genetta genetta,Prepared Seafood,5/26/2025,889,889
890,Cereopsis novaehollandiae,Chocolate Desserts,7/31/2025,890,890
891,Heloderma horridum,Processed Meats,3/12/2025,891,891
892,Camelus dromedarius,Bottoms,2/14/2025,892,892
893,Cynictis penicillata,Grooming Supplies,2/24/2025,893,893
894,Macropus robustus,Seafood Imitations,6/16/2025,894,894
895,Anas punctata,Meal Kits,4/27/2025,895,895
896,Lorythaixoides concolor,Breads,3/29/2025,896,896
897,Larus novaehollandiae,Small Appliances,1/2/2025,897,897
898,Phascogale tapoatafa,Cooling Appliances,3/27/2025,898,898
899,Streptopelia decipiens,Dog Accessories,10/25/2024,899,899
900,Phalacrocorax niger,Herbal Tea,1/2/2025,900,900
901,Struthio camelus,Regional Seasoning Blends,11/30/2024,901,901
902,Microcebus murinus,Bathrobes,4/12/2025,902,902
903,Eudromia elegans,Audio Equipment,12/28/2024,903,903
904,Paradoxurus hermaphroditus,Prepared Seafood,1/18/2025,904,904
905,Sciurus vulgaris,Healthy Snacks,8/4/2025,905,905
906,Nesomimus trifasciatus,Savory Snacks,8/27/2024,906,906
907,Terrapene carolina,Jackets,11/9/2024,907,907
908,Coracias caudata,Laptop Accessories,2/14/2025,908,908
909,Arctogalidia trivirgata,Activewear,12/11/2024,909,909
910,Diceros bicornis,BBQ Sauces,6/17/2025,910,910
911,Milvus migrans,Office Supplies,11/27/2024,911,911
912,Marmota flaviventris,Dressing,10/29/2024,912,912
913,Chauna torquata,Oral Care & Hygiene,7/29/2025,913,913
914,Bucorvus leadbeateri,Nut-Based Snacks,6/21/2025,914,914
915,Bucorvus leadbeateri,Baking Accessories,4/29/2025,915,915
916,Ratufa indica,Ice Cube Trays,1/21/2025,916,916
917,Varanus sp.,Storage & Organization,12/15/2024,917,917
918,Chordeiles minor,Kitchen Accessories,2/10/2025,918,918
919,Tachyglossus aculeatus,Outdoor Furniture,11/30/2024,919,919
920,Ceratotherium simum,Automotive Tools,1/23/2025,920,920
921,Macropus giganteus,Camping Equipment,8/17/2024,921,921
922,Libellula quadrimaculata,Training Supplies,10/23/2024,922,922
923,Dasyurus maculatus,Pet Waste Management,12/16/2024,923,923
924,Ceratotherium simum,Garden Supplies,10/14/2024,924,924
925,Tringa glareola,Small Appliances,8/20/2024,925,925
926,Priodontes maximus,Breads,3/3/2025,926,926
927,Suricata suricatta,Motorcycle Accessories,2/8/2025,927,927
928,Phoeniconaias minor,Small Appliances,12/12/2024,928,928
929,Sciurus vulgaris,Savory Snacks,7/7/2025,929,929
930,Speotyte cuniculata,Motorcycle Accessories,10/12/2024,930,930
931,Gazella thompsonii,Home Security,7/29/2025,931,931
932,Oryx gazella callotis,Travel Accessories,6/29/2025,932,932
933,Potos flavus,Nuts and Trail Mix,11/25/2024,933,933
934,Odocoileus hemionus,Mixes,5/23/2025,934,934
935,Anthropoides paradisea,Yoga Equipment,4/6/2025,935,935
936,Sarcophilus harrisii,Outdoor Play Toys,3/23/2025,936,936
937,Columba livia,Marinades and Sauces,3/21/2025,937,937
938,Coracias caudata,Cooking Tools & Utensils,3/19/2025,938,938
939,Marmota flaviventris,Vegetarian Meals,12/18/2024,939,939
940,Leprocaulinus vipera,Marinated Meats,6/14/2025,940,940
941,Chlidonias leucopterus,Granola,1/18/2025,941,941
942,Grus rubicundus,Camping Equipment,11/13/2024,942,942
943,Priodontes maximus,Planters,10/1/2024,943,943
944,Phoenicopterus ruber,Savory Snacks,6/18/2025,944,944
945,Plegadis falcinellus,Juice,2/11/2025,945,945
946,Eumetopias jubatus,Italian Sauces,9/26/2024,946,946
947,Ara chloroptera,Home Decor,1/26/2025,947,947
948,Merops bullockoides,Cooking Appliances,4/28/2025,948,948
949,Meles meles,Potatoes,3/15/2025,949,949
950,Felis caracal,Grooming Supplies,2/8/2025,950,950
951,Mungos mungo,Camping Equipment,4/9/2025,951,951
952,Spheniscus mendiculus,Nut Butters,11/6/2024,952,952
953,Mirounga angustirostris,Casual Shirts,8/11/2024,953,953
954,Felis concolor,Camping Equipment,4/20/2025,954,954
955,Microcebus murinus,Smart Home & Security,8/11/2024,955,955
956,Lemur fulvus,Baking Kits,7/11/2025,956,956
957,Agkistrodon piscivorus,Canned Fruits,1/24/2025,957,957
958,Uraeginthus angolensis,Pork,11/12/2024,958,958
959,unavailable,Flatbreads,7/15/2025,959,959
960,Canis lupus lycaon,Tablets for Kids,6/1/2025,960,960
961,Diomedea irrorata,Salad Mixes,5/11/2025,961,961
962,Actophilornis africanus,Vegetables,7/15/2025,962,962
963,Semnopithecus entellus,Drinkware,6/22/2025,963,963
964,Mycteria leucocephala,Grooming Supplies,1/20/2025,964,964
965,Tayassu pecari,Regional Seasoning Blends,7/31/2025,965,965
966,Estrilda erythronotos,Remote Control Drones,12/22/2024,966,966
967,Cacatua tenuirostris,Wireless Speakers,11/19/2024,967,967
968,Acanthaster planci,Prepared Seafood,12/13/2024,968,968
969,Oreamnos americanus,Sweet Snacks,2/24/2025,969,969
970,Herpestes javanicus,Gourmet Snacks,12/6/2024,970,970
971,Milvago chimachima,Kitchen Storage & Organization,5/19/2025,971,971
972,Panthera onca,Frozen Pasta Dishes,9/12/2024,972,972
973,Helogale undulata,Juice,8/1/2025,973,973
974,Bubalornis niger,Garden Tools,5/12/2025,974,974
975,Plectopterus gambensis,Creative Toys,6/1/2025,975,975
976,Mephitis mephitis,Frozen Seafood,8/7/2025,976,976
977,Centrocercus urophasianus,Sparkling Beverages,6/5/2025,977,977
978,Lorythaixoides concolor,Smart Lighting,11/23/2024,978,978
979,Phalaropus lobatus,Cutting Boards & Utensils,8/10/2025,979,979
980,Choloepus hoffmani,Cuisine - Italian,6/22/2025,980,980
981,Fulica cristata,Regional Seasoning Blends,9/10/2024,981,981
982,Vulpes cinereoargenteus,Cooking Tools & Utensils,1/24/2025,982,982
983,Vicugna vicugna,Camping Equipment,4/28/2025,983,983
984,Sylvicapra grimma,Health Devices,8/22/2024,984,984
985,Bassariscus astutus,Hats & Headwear,7/13/2025,985,985
986,Felis chaus,Lighting & Lamps,1/23/2025,986,986
987,Canis latrans,Sustainable Stationery,3/11/2025,987,987
988,Laniaurius atrococcineus,Vegetable Sides,1/22/2025,988,988
989,Bucorvus leadbeateri,Floor Care Appliances,10/21/2024,989,989
990,Corythornis cristata,Eggs,11/22/2024,990,990
991,Crotalus triseriatus,Home Organization,2/2/2025,991,991
992,Sula dactylatra,Oils,6/15/2025,992,992
993,Phascolarctos cinereus,Dishwashers,3/8/2025,993,993
994,Tockus flavirostris,Graphic Tees,9/19/2024,994,994
995,Columba palumbus,Vegetable Sides,9/15/2024,995,995
996,Felis wiedi or Leopardus weidi,Sweet Snacks,2/19/2025,996,996
997,Anas bahamensis,Coconut Products,12/23/2024,997,997
998,Centrocercus urophasianus,Camping Equipment,3/31/2025,998,998
999,Laniarius ferrugineus,Coffee,9/24/2024,999,999
1000,Centrocercus urophasianus,Computer Accessories,1/28/2025,1000,1000
