id,username,user_email,user_phone
1,gochiltree0,gvaller0@sina.com.cn,609-584-3425
2,vwerndley1,chugnot1@ustream.tv,640-710-8578
3,mchugg2,atoquet2@google.com.br,293-487-0683
4,cvel3,msibbs3@nature.com,860-442-3646
5,mmellodey4,rsterling4@dyndns.org,401-150-9470
6,kgrimble5,ggilffilland5@smh.com.au,199-423-9029
7,cbispham6,mdoerffer6@twitter.com,381-408-3986
8,pwhetland7,crosenbarg7@issuu.com,458-792-1350
9,hashmole8,eboldecke8@yelp.com,499-313-8931
10,ctradewell9,llehmann9@archive.org,152-259-7158
11,jfallensa,mpincotta@uiuc.edu,104-627-6087
12,riddonsb,sdowntonb@ucoz.com,827-946-7472
13,rmazzeic,bwhitewayc@simplemachines.org,890-681-8563
14,afarressd,kpietruszewiczd@geocities.jp,983-868-2727
15,hsargante,oredde@creativecommons.org,269-458-5746
16,kkimmincef,dfiddlerf@mlb.com,208-562-2690
17,ibignoldg,ncawsg@drupal.org,663-945-5168
18,adaousth,ebellish@vkontakte.ru,537-410-0495
19,aciardoi,thaskeri@chron.com,616-982-8539
20,gfelgatej,vklemkej@behance.net,165-626-4998
21,dvineyk,sbeevisk@newsvine.com,135-305-2995
22,sastyl,utinwelll@nbcnews.com,418-236-0668
23,kbraitlingm,lrollerm@sbwire.com,332-736-7715
24,kbroekn,hkarppin@trellian.com,690-408-7341
25,gduigenano,gdudenieo@hud.gov,277-112-0043
26,mmembryp,jgylesp@marketwatch.com,549-584-1683
27,jblackbornq,pgibbonsonq@gnu.org,578-214-9674
28,akeller,awinspearr@shop-pro.jp,754-724-9793
29,eabrahamovitzs,gcleminsons@discuz.net,834-126-2761
30,baulettat,dbiggst@theguardian.com,691-162-7388
31,ehaylettu,pgourlieu@google.com,940-493-0583
32,tcawthrav,lkiddellv@cdc.gov,979-213-3017
33,lsemorw,kdodlew@feedburner.com,147-942-3940
34,dbouldsx,mcopellix@merriam-webster.com,545-602-8713
35,cmaclucaisy,clindenbluthy@umn.edu,170-851-7967
36,jhurlestonz,dbeverz@barnesandnoble.com,380-374-2808
37,kantoni10,hfolbig10@google.com.au,922-458-2732
38,rmurkitt11,hdach11@statcounter.com,686-543-9235
39,gthal12,adellascala12@wix.com,742-674-0776
40,jpennone13,gvannoni13@java.com,928-654-9620
41,lchessel14,lthies14@webs.com,367-196-4420
42,ccunnell15,hgirvan15@feedburner.com,294-494-8714
43,jstreetley16,rtennison16@sourceforge.net,951-398-1272
44,lharbar17,horcas17@gov.uk,262-971-9914
45,pbedome18,sbrahams18@blogs.com,856-794-4209
46,sstiffell19,scayley19@unc.edu,242-613-4004
47,mdavers1a,irossborough1a@dyndns.org,356-970-2027
48,hcapron1b,bpiperley1b@goo.gl,963-887-3645
49,clamperti1c,rygou1c@fc2.com,973-847-5353
50,slattimore1d,glantuff1d@fotki.com,199-715-6587
51,ecotterell1e,bkennally1e@fotki.com,720-314-8207
52,smaken1f,smeldon1f@gizmodo.com,669-862-5786
53,abrundle1g,rerskin1g@shop-pro.jp,981-447-4338
54,mstockle1h,qcaudle1h@cnn.com,237-987-8647
55,jgedling1i,gwebley1i@sun.com,588-797-3494
56,egarfield1j,adowgill1j@jugem.jp,559-667-7393
57,lgaven1k,tbellenie1k@walmart.com,914-672-7886
58,hjubert1l,eniesing1l@stumbleupon.com,981-710-8629
59,vleith1m,aells1m@ycombinator.com,701-861-8122
60,bknoller1n,gpfaffe1n@sciencedaily.com,356-532-8048
61,solenov1o,gfildery1o@oaic.gov.au,422-671-2624
62,lwitul1p,cinnocenti1p@behance.net,367-815-0779
63,cjoutapavicius1q,fwylam1q@addthis.com,196-143-7486
64,rmetcalf1r,lsaintsbury1r@ihg.com,555-606-0610
65,epapes1s,rhodcroft1s@uiuc.edu,885-763-2037
66,varrigucci1t,gferroni1t@e-recht24.de,662-827-0013
67,jhammor1u,rwigelsworth1u@slideshare.net,658-911-0731
68,bmckniely1v,wcarus1v@geocities.com,261-785-7050
69,icaudell1w,lhurrell1w@epa.gov,198-453-5670
70,ekincaid1x,cpool1x@studiopress.com,708-179-2246
71,vsayburn1y,hfranzetti1y@list-manage.com,843-916-0106
72,cbiskupiak1z,aspringtorp1z@sciencedirect.com,692-747-0612
73,gstagge20,hredrup20@yandex.ru,752-803-1825
74,bdarragon21,ecolwell21@abc.net.au,759-526-2213
75,temsley22,igrzelczyk22@bbb.org,808-449-4211
76,jsutheran23,htrevance23@simplemachines.org,468-875-8555
77,mrudgard24,dbeckerleg24@rediff.com,396-854-9965
78,bmarzelle25,amountford25@microsoft.com,761-449-5918
79,lbanthorpe26,vpoytres26@china.com.cn,130-292-0408
80,cwellman27,gmetherell27@independent.co.uk,524-852-6292
81,abeneyto28,kybarra28@arizona.edu,577-734-2215
82,rmyrkus29,echatain29@redcross.org,489-738-0554
83,adurker2a,ceasey2a@kickstarter.com,912-511-8446
84,kdorkens2b,hponton2b@typepad.com,119-573-4256
85,pdrache2c,cbottleson2c@aol.com,694-855-1473
86,zguslon2d,fseyfart2d@time.com,555-836-8525
87,wlindenfeld2e,ggroundwater2e@amazon.com,551-230-4245
88,fthoresby2f,ochampniss2f@skype.com,154-260-5094
89,crollins2g,lmackniely2g@last.fm,944-608-4724
90,vvidyapin2h,aashton2h@mit.edu,461-545-8890
91,jmcdiarmid2i,gcush2i@scribd.com,736-330-8168
92,bscutt2j,bpepperell2j@wufoo.com,902-842-0089
93,bmarrow2k,tettles2k@comcast.net,807-664-3105
94,sbendel2l,lsprake2l@timesonline.co.uk,138-938-5331
95,astooke2m,greal2m@accuweather.com,608-553-9311
96,ebodker2n,thulkes2n@example.com,778-694-3331
97,mcaulier2o,bhumphrey2o@hugedomains.com,822-438-1783
98,klargent2p,jpreddy2p@cyberchimps.com,982-851-9962
99,rtal2q,nchilles2q@spotify.com,589-130-0935
100,tevison2r,elarn2r@livejournal.com,478-418-8789
101,lcobbled2s,myuill2s@reuters.com,495-719-4979
102,fgalfour2t,rfeldbaum2t@ow.ly,877-192-3161
103,amctague2u,dboner2u@deviantart.com,288-988-0720
104,mjennemann2v,kfalks2v@a8.net,218-988-7295
105,rmonteith2w,dphelps2w@google.de,536-271-6926
106,bbendson2x,dmcquarter2x@google.com,571-344-1293
107,lkopelman2y,sbrayne2y@mapquest.com,793-364-6357
108,ndrillingcourt2z,jhinemoor2z@surveymonkey.com,734-809-3785
109,ktitley30,vkaaskooper30@ameblo.jp,778-893-0776
110,lcregeen31,lenston31@alexa.com,186-679-1858
111,rcocci32,gbarlace32@state.gov,934-228-1331
112,hconniam33,ckubalek33@squarespace.com,463-435-2612
113,amarch34,bkelsall34@devhub.com,131-851-3956
114,acrosskill35,ffells35@cnbc.com,226-467-2692
115,cseywood36,crossbrook36@china.com.cn,986-963-0772
116,caymeric37,vtownby37@flickr.com,138-370-8729
117,ebarajaz38,igiovani38@xing.com,747-887-0300
118,sdellcasa39,ckislingbury39@ox.ac.uk,797-776-6611
119,cmaystone3a,nnockells3a@hhs.gov,828-445-6378
120,bcairney3b,erobbs3b@npr.org,886-514-6588
121,gtunnicliffe3c,spail3c@biblegateway.com,946-131-4197
122,dcrabtree3d,csyrie3d@berkeley.edu,434-615-3613
123,ipurry3e,oshelper3e@reddit.com,623-504-9111
124,punthank3f,eblow3f@accuweather.com,853-322-9179
125,lchristou3g,ytanton3g@google.cn,695-463-4328
126,ejebb3h,smorrilly3h@hexun.com,854-604-6448
127,lpendleton3i,vsissland3i@spotify.com,949-752-9168
128,gtroy3j,mwaison3j@howstuffworks.com,698-462-7155
129,vredgewell3k,mlackington3k@goo.gl,983-865-6093
130,jchate3l,rbedham3l@nationalgeographic.com,594-475-8486
131,agerhardt3m,pdavison3m@columbia.edu,775-945-8348
132,gbuske3n,kslaney3n@fastcompany.com,790-583-1370
133,zjacobsohn3o,abarrowcliffe3o@salon.com,956-786-1277
134,ffellman3p,cbradden3p@forbes.com,171-526-5081
135,lskepper3q,bshilleto3q@rediff.com,253-633-9064
136,mocallaghan3r,jivimey3r@zdnet.com,815-421-8064
137,jbuckam3s,tmeasom3s@mtv.com,436-804-1615
138,vgrahl3t,cshapter3t@sfgate.com,384-448-7282
139,bdurtnall3u,coehme3u@google.ca,142-594-8699
140,pmcglue3v,varington3v@weather.com,478-855-1401
141,abatting3w,bkenworthey3w@ehow.com,880-103-6580
142,ckilcullen3x,dchatell3x@unicef.org,227-919-2577
143,pkeoghan3y,hjoannidi3y@blog.com,260-588-3827
144,rbrinkler3z,gstuchbury3z@paginegialle.it,528-688-6436
145,bkleinsmuntz40,lbrinkler40@1und1.de,708-225-7231
146,inano41,okrugmann41@walmart.com,361-186-0542
147,jreeman42,dabry42@bravesites.com,565-548-0310
148,cmallabar43,lfrary43@wikimedia.org,654-130-9821
149,jmcguinley44,lgrist44@vinaora.com,766-512-3588
150,dpereira45,gbariball45@ucoz.ru,448-489-9988
151,imcquaide46,hbagnell46@hubpages.com,764-946-4383
152,mzack47,lscurfield47@whitehouse.gov,537-583-1802
153,tbelfelt48,adargue48@msu.edu,956-169-3531
154,rreasce49,binns49@github.com,721-948-7623
155,sfarherty4a,ssallnow4a@surveymonkey.com,460-520-8173
156,jayree4b,mmowat4b@behance.net,358-766-9153
157,tstuckow4c,hbrake4c@booking.com,402-425-5768
158,jzapater4d,sdockree4d@paypal.com,397-893-5678
159,rlaban4e,egaffer4e@stanford.edu,704-288-2558
160,eleisk4f,jbenes4f@google.de,821-495-4078
161,awhistan4g,tgreenland4g@wufoo.com,910-941-3764
162,alehrer4h,drizzillo4h@mail.ru,515-599-3939
163,blingley4i,rtipper4i@bloglovin.com,138-404-5111
164,modonohoe4j,gturpin4j@addtoany.com,231-886-3228
165,rmardall4k,anutton4k@slideshare.net,826-832-0107
166,slepick4l,grawlings4l@mail.ru,286-190-9577
167,bnutting4m,weble4m@bbb.org,664-706-8694
168,ksellan4n,cdorbin4n@google.pl,602-901-1109
169,astark4o,eminthorpe4o@barnesandnoble.com,924-254-5612
170,bedgeson4p,jiffe4p@eventbrite.com,504-504-2384
171,skemmis4q,smabbot4q@technorati.com,840-781-2138
172,jcoomber4r,ericcioppo4r@hatena.ne.jp,140-885-8426
173,dduny4s,ebridgwater4s@disqus.com,386-691-7791
174,ggosz4t,jmiltonwhite4t@sciencedaily.com,717-708-6304
175,ablown4u,rdebrick4u@uol.com.br,134-538-4163
176,dbarttrum4v,fdorwood4v@marketwatch.com,276-932-6990
177,bruppele4w,cgreenin4w@jigsy.com,536-930-6478
178,gcole4x,bdudson4x@youku.com,526-737-5178
179,vlabuschagne4y,lwibrow4y@wikipedia.org,233-252-7851
180,nshellshear4z,msargison4z@lycos.com,211-113-7176
181,mmingus50,imcelhinney50@umn.edu,874-437-8851
182,lpeabody51,hbygrave51@examiner.com,953-219-6733
183,bashburner52,cbaradel52@4shared.com,809-190-8779
184,nmuncie53,kspritt53@so-net.ne.jp,609-215-6045
185,tbinns54,astoker54@simplemachines.org,636-341-5762
186,kgeorgi55,mpidcock55@ameblo.jp,878-878-1756
187,mkarlqvist56,adargie56@ucoz.ru,794-294-0280
188,abursnoll57,nsywell57@samsung.com,801-736-3024
189,senocksson58,jlatter58@sitemeter.com,425-873-2108
190,flissandre59,cchaffe59@yellowpages.com,824-823-3253
191,ybroadey5a,osomerbell5a@sina.com.cn,416-515-4298
192,wbridgett5b,mtwiddell5b@elpais.com,963-891-8519
193,gfairest5c,rjorioz5c@mysql.com,390-948-9639
194,fwarratt5d,atonbridge5d@ning.com,694-310-5114
195,bhartil5e,jclifford5e@phoca.cz,406-220-0843
196,fjodlkowski5f,fmettrick5f@goodreads.com,479-487-6410
197,gcoburn5g,smcwhinnie5g@latimes.com,204-771-4006
198,sdorrian5h,sriddlesden5h@lycos.com,645-843-0631
199,fhorning5i,ehandy5i@cmu.edu,171-797-3581
200,tpenson5j,cbooton5j@yandex.ru,736-592-0846
201,hixer5k,hjachtym5k@tripadvisor.com,564-425-8518
202,wgorner5l,abreukelman5l@infoseek.co.jp,155-639-9090
203,btaleworth5m,iconradie5m@reverbnation.com,303-512-9587
204,vdibden5n,bgibben5n@mit.edu,148-917-8851
205,tfaithfull5o,ddunkley5o@eventbrite.com,412-412-1529
206,koflynn5p,hsimonnet5p@utexas.edu,324-844-8070
207,opassion5q,bpudge5q@cloudflare.com,973-120-0315
208,ctoffanini5r,hvarnam5r@stanford.edu,375-703-2517
209,efavell5s,sfavell5s@cbslocal.com,869-384-2437
210,aleall5t,bblasli5t@cdc.gov,407-216-5316
211,zduester5u,abeastall5u@blog.com,220-125-9977
212,ekleehuhler5v,ihaywood5v@tumblr.com,860-111-8059
213,mrubin5w,ayanov5w@networkadvertising.org,247-410-4618
214,vperritt5x,jtaudevin5x@posterous.com,104-643-3426
215,dfarny5y,dnaile5y@goodreads.com,436-779-3980
216,mreubbens5z,tdevereux5z@adobe.com,245-990-3801
217,kfieldstone60,bparadin60@cpanel.net,558-992-5631
218,ldufton61,rchinge61@jimdo.com,511-936-2474
219,idurie62,itoman62@cdbaby.com,415-109-6711
220,twhorlton63,mpechet63@wp.com,178-856-2041
221,tackrill64,rucceli64@mysql.com,392-828-8753
222,tbygate65,cfolonin65@icio.us,350-131-3145
223,vmathet66,fgibke66@auda.org.au,895-365-4900
224,gemps67,lnoden67@over-blog.com,201-904-8642
225,druske68,gblonfield68@smugmug.com,145-121-4656
226,tcomoletti69,tmacci69@pinterest.com,516-967-8270
227,dfleeming6a,gdeaton6a@statcounter.com,701-300-6896
228,hlangston6b,abarks6b@goodreads.com,205-503-6095
229,gedling6c,cgotling6c@buzzfeed.com,674-348-8686
230,aturk6d,rmolines6d@xinhuanet.com,795-490-4894
231,vkopfen6e,ayearnes6e@bizjournals.com,967-398-1239
232,lhaberfield6f,tharme6f@webs.com,344-615-7176
233,ccampelli6g,acarcas6g@house.gov,610-778-7712
234,bcoughlin6h,htwopenny6h@nhs.uk,260-559-7654
235,iumpleby6i,tgilstin6i@4shared.com,817-727-4558
236,nkinnerk6j,cgoodlett6j@indiegogo.com,307-968-6990
237,emacia6k,soscandall6k@oaic.gov.au,748-656-1445
238,mryam6l,cpatriskson6l@flickr.com,882-565-9661
239,rcheetam6m,rglendinning6m@howstuffworks.com,194-269-2988
240,cradin6n,jpickance6n@virginia.edu,922-623-5112
241,vmorefield6o,asquibbes6o@ow.ly,741-466-0159
242,hbampkin6p,rjirik6p@list-manage.com,831-381-4091
243,aemma6q,walyonov6q@yellowbook.com,866-540-9716
244,tlongfoot6r,jwoofenden6r@linkedin.com,627-999-4560
245,cfoulks6s,agyenes6s@ted.com,745-792-5235
246,mdoulton6t,chandforth6t@home.pl,294-597-5847
247,jcrutcher6u,lfrancis6u@amazonaws.com,392-412-0640
248,pasaaf6v,ebrownill6v@wiley.com,117-555-1318
249,stilzey6w,dmacguiness6w@mediafire.com,364-329-5623
250,dcapey6x,jcosten6x@un.org,454-776-2401
251,hjendrusch6y,clingfoot6y@china.com.cn,716-358-6934
252,mmcfaul6z,gdeblasi6z@wikimedia.org,138-361-5283
253,bsouthernwood70,cchiese70@digg.com,803-614-0497
254,kmeneghelli71,hburry71@google.it,954-753-2192
255,tbarrs72,kely72@house.gov,891-572-5449
256,cfitter73,eweatherburn73@ocn.ne.jp,497-540-0894
257,poday74,ddimitrie74@plala.or.jp,459-463-0698
258,bdanneil75,ssturge75@goo.gl,313-492-0843
259,ffasset76,oweinmann76@auda.org.au,961-916-8877
260,stytler77,rboyn77@clickbank.net,436-590-8842
261,hdinse78,shopkins78@sciencedaily.com,675-365-4900
262,lgumley79,rsummerell79@princeton.edu,259-852-2807
263,fwalsh7a,bgoodered7a@wisc.edu,566-860-2940
264,jdesouza7b,cburkill7b@arizona.edu,890-301-3435
265,froscoe7c,dpatzelt7c@usa.gov,252-284-0039
266,ldorro7d,marmsden7d@state.tx.us,461-955-4779
267,cmckissack7e,rneville7e@ted.com,867-880-3921
268,plantuff7f,rspindler7f@over-blog.com,135-433-4184
269,pgoggins7g,efishbourn7g@deliciousdays.com,890-621-2233
270,mheinz7h,cthew7h@quantcast.com,572-362-2247
271,rwinn7i,iellwell7i@aol.com,877-535-4710
272,stolley7j,jkike7j@indiegogo.com,499-561-4953
273,ggaunson7k,bgiovannetti7k@reddit.com,543-733-4865
274,tfarley7l,jcranfield7l@weather.com,856-680-4075
275,mpashbee7m,vmosen7m@goo.gl,752-680-3659
276,ajiroudek7n,ebrawson7n@ucoz.com,739-638-9689
277,egreengrass7o,csconce7o@issuu.com,531-789-3338
278,nallsebrook7p,erubertis7p@creativecommons.org,632-302-6657
279,eiremonger7q,scotmore7q@microsoft.com,725-296-7506
280,tewins7r,smclanachan7r@google.de,104-885-2492
281,bwauchope7s,ssaltmarsh7s@etsy.com,563-712-3338
282,scharman7t,eswainger7t@mtv.com,532-625-3608
283,mwansbury7u,rrenals7u@nhs.uk,141-461-6275
284,bsavoury7v,fbosence7v@huffingtonpost.com,806-751-1364
285,aspawforth7w,sgodmar7w@huffingtonpost.com,205-707-9057
286,bholbury7x,bdarkott7x@si.edu,647-891-1553
287,glorenzin7y,brosenfarb7y@miitbeian.gov.cn,469-846-9737
288,cstollberger7z,lhabert7z@elegantthemes.com,128-766-1299
289,nnaulls80,wskill80@jiathis.com,381-192-0682
290,gblake81,jpengelly81@ibm.com,241-401-4395
291,fvedntyev82,aolerenshaw82@goodreads.com,653-614-0009
292,rpickering83,bcutmore83@example.com,805-318-2279
293,smorrilly84,pkurten84@accuweather.com,920-437-5347
294,evinton85,rcouves85@ft.com,848-532-8694
295,cmonkley86,ftommasetti86@washingtonpost.com,480-503-5614
296,lmarke87,lhazeman87@bloglovin.com,609-395-8151
297,klanchester88,zsyplus88@yelp.com,301-751-4130
298,kdraayer89,cvynehall89@squarespace.com,273-134-2391
299,zurling8a,ladshead8a@spiegel.de,931-582-0832
300,cfashion8b,ddandie8b@about.me,190-903-6579
301,emcmarquis8c,hsegot8c@com.com,772-638-9130
302,zcopper8d,hbreznovic8d@symantec.com,113-496-5478
303,ceddoes8e,kcollaton8e@google.co.jp,671-969-8804
304,mrawles8f,bsaffle8f@dion.ne.jp,320-700-1245
305,lpotebury8g,mmorrott8g@nasa.gov,857-668-5866
306,lskellington8h,ebuston8h@about.me,684-114-9069
307,rverry8i,mpuddicombe8i@washingtonpost.com,887-565-1405
308,cseleway8j,hmonelli8j@xinhuanet.com,808-822-3389
309,pmapholm8k,ahammant8k@weibo.com,231-766-4525
310,cbasil8l,zclaesens8l@berkeley.edu,892-958-2168
311,tstockoe8m,ctomkys8m@economist.com,382-926-1974
312,jallans8n,hmcwhorter8n@oakley.com,687-165-1604
313,mfitzgeorge8o,egerriet8o@fotki.com,999-222-1470
314,hbrosenius8p,bjakeway8p@hp.com,771-928-5046
315,clambricht8q,hbarnfield8q@lycos.com,152-202-7712
316,pbangiard8r,kpouck8r@skype.com,651-922-6622
317,dlabern8s,cmonan8s@wikipedia.org,873-983-0064
318,ofoxten8t,bcostello8t@123-reg.co.uk,302-953-9119
319,oharme8u,gmushett8u@intel.com,672-860-7847
320,bsmoth8v,lwadley8v@issuu.com,646-302-3947
321,esparry8w,lcestard8w@acquirethisname.com,217-360-2173
322,hyakebowitch8x,cscyner8x@paginegialle.it,713-720-0871
323,gtills8y,jchurchlow8y@123-reg.co.uk,861-880-8815
324,dglader8z,eebunoluwa8z@blogspot.com,209-631-8636
325,rbunton90,amahody90@ucla.edu,485-740-2992
326,jmcmenamie91,tgrinyov91@so-net.ne.jp,255-222-5767
327,ttonn92,lkorpal92@fema.gov,643-715-2194
328,fgaine93,wcaines93@ameblo.jp,814-927-1479
329,cmounter94,scorcut94@cmu.edu,835-553-2245
330,scody95,jmatuszak95@tinyurl.com,286-866-8007
331,pelderfield96,tgarratty96@4shared.com,278-667-2563
332,sdalesio97,ohusband97@bbc.co.uk,914-874-7045
333,cmaccafferky98,ffrisdick98@businessinsider.com,581-600-1277
334,hallcoat99,dblanko99@disqus.com,685-968-4573
335,aplumstead9a,tsaylor9a@ebay.co.uk,878-946-7704
336,ctrengrouse9b,htasseler9b@bizjournals.com,851-367-6338
337,ghitzmann9c,alaurenz9c@last.fm,457-903-8268
338,cthompkins9d,hlilloe9d@gnu.org,535-496-1442
339,travenhills9e,abradneck9e@ca.gov,530-709-9990
340,djeromson9f,blamberti9f@unicef.org,627-585-5320
341,ctooley9g,nskullet9g@tuttocitta.it,550-683-6011
342,wgoldsberry9h,gmcgeneay9h@instagram.com,613-732-2483
343,athompstone9i,mwisdish9i@typepad.com,321-201-1060
344,asedgebeer9j,ksussans9j@networkadvertising.org,120-654-4900
345,khandscombe9k,shansard9k@patch.com,521-211-5761
346,btunnicliffe9l,jdurant9l@a8.net,451-898-0336
347,mglidden9m,rschuck9m@icio.us,765-832-8579
348,amacbean9n,ceccleshare9n@home.pl,609-499-1639
349,pgurley9o,cetheridge9o@imgur.com,253-499-3332
350,scotgrove9p,bpendrigh9p@weibo.com,374-833-8194
351,cdeetlof9q,jshanley9q@unblog.fr,295-877-9486
352,cpetegree9r,ksumpton9r@facebook.com,397-537-3124
353,llabeuil9s,rdinkin9s@linkedin.com,900-773-3292
354,acoast9t,cbohl9t@tinypic.com,298-317-6164
355,nclarkewilliams9u,abirkinshaw9u@meetup.com,182-971-5782
356,aorrock9v,adumpleton9v@google.co.uk,571-928-2909
357,fstanton9w,jburgum9w@auda.org.au,944-429-6718
358,asmye9x,nblanden9x@ted.com,108-960-1604
359,fpeddar9y,lfeasley9y@mozilla.org,525-157-0843
360,bcoche9z,cwehden9z@woothemes.com,602-367-6797
361,thadleya0,cwildasha0@discuz.net,977-733-2078
362,dglasermana1,zrailtona1@shop-pro.jp,210-482-8585
363,bklimta2,dbrownsmitha2@upenn.edu,657-790-1970
364,ctivnana3,dgrumbridgea3@elpais.com,432-925-6795
365,bpuddlea4,tmcelreaa4@china.com.cn,935-648-5608
366,hroofea5,gseersa5@census.gov,765-807-5307
367,mchartrea6,aeverlya6@utexas.edu,787-414-1966
368,lsayesa7,zsellimana7@issuu.com,291-666-0159
369,mbaylessa8,asabatesa8@ucsd.edu,686-851-4609
370,wgopsella9,rcordeya9@imdb.com,206-537-6753
371,cshakspeareaa,adionisettiaa@washington.edu,414-887-3374
372,cstedellab,hmacgiollapheadairab@mayoclinic.com,269-970-1372
373,pfrostdykeac,dcominottiac@wikimedia.org,732-830-0471
374,eseggiead,utredgetad@sogou.com,897-868-1881
375,dmaccambridgeae,kbaleineae@foxnews.com,537-732-3072
376,cchismonaf,knouryaf@amazonaws.com,827-630-2146
377,jhakonsenag,mwemyssag@example.com,921-444-1688
378,lvanstoneah,vnorcottah@sciencedirect.com,920-121-5053
379,bhefferonai,bvasinai@businesswire.com,373-667-9051
380,kcatterallaj,vdaccaaj@hud.gov,186-358-1740
381,hilesak,gellesworthak@friendfeed.com,747-354-1780
382,talcideal,amcgoldrickal@mlb.com,388-150-7769
383,aturbillam,ykendleam@biblegateway.com,598-365-2761
384,tfilipczynskian,atraharan@mayoclinic.com,795-391-7861
385,gvandenhoffao,hnayerao@issuu.com,313-750-4839
386,ckillingbeckap,rwordsleyap@mlb.com,412-819-1587
387,nspieghtaq,kladdleaq@hexun.com,628-565-7763
388,alansdownar,ssalvatorear@bizjournals.com,642-673-5997
389,kdurdanas,mjohnstonas@ustream.tv,339-684-8758
390,loatsat,hemmetat@naver.com,382-451-8468
391,rscreatonau,sbessonau@mtv.com,606-682-2520
392,ktayloav,bharsentav@wordpress.org,496-130-4159
393,llefleyaw,msobtkaaw@oaic.gov.au,151-353-2993
394,mblanchetax,cstevaniax@com.com,999-621-8065
395,kmccoveneyay,smcgraeay@indiatimes.com,363-907-8657
396,rshortallaz,neilhermannaz@barnesandnoble.com,450-118-2448
397,uhaythornthwaiteb0,lboultonb0@networkadvertising.org,572-846-5366
398,tcostyb1,lsouttarb1@toplist.cz,746-353-8045
399,lpestrickeb2,dpattersonb2@ning.com,926-474-4302
400,cshorlandb3,jwallerbridgeb3@squarespace.com,635-818-8382
401,esolwayb4,amcbreartyb4@wiley.com,839-667-1097
402,jzanettob5,vskacelb5@usda.gov,871-724-1320
403,mshordb6,houghb6@sun.com,433-961-9758
404,amooganb7,ecowernb7@nationalgeographic.com,622-627-5149
405,sahrendb8,cstrutleyb8@blogtalkradio.com,163-984-4814
406,ahouseagob9,vbarrsb9@bigcartel.com,367-394-8307
407,elamkinba,gmelladewba@netscape.com,186-494-0425
408,dremmersbb,dandreolettibb@dailymail.co.uk,590-411-5756
409,kfritterbc,mfrankishbc@google.it,319-667-7855
410,fhosburnbd,ngoudardbd@zimbio.com,794-306-3287
411,eglindebe,adavenhillbe@state.gov,846-191-0745
412,hhagstonbf,vleabf@mit.edu,241-258-9451
413,dwebermannbg,sgorussobg@sphinn.com,546-210-9724
414,isabatebh,mlealbh@phpbb.com,692-248-0025
415,brickeardbi,wpoutressbi@phpbb.com,969-335-0006
416,mpendletonbj,cmollettbj@mac.com,127-667-4149
417,mbertinbk,hbreesebk@tinypic.com,359-253-2213
418,nsedgmanbl,rbyrnebl@eventbrite.com,667-591-1686
419,bkaysorbm,sipgravebm@gnu.org,534-746-1531
420,dchildebn,dfreethbn@webeden.co.uk,971-487-6534
421,mbarringerbo,abeckittbo@wordpress.com,518-254-7835
422,nromneybp,rrockellbp@buzzfeed.com,532-607-3446
423,rliberobq,mgandybq@nyu.edu,507-514-1678
424,fdakebr,sserminbr@dot.gov,675-144-9251
425,pproombs,rzarfaibs@angelfire.com,529-967-8258
426,ihingeleybt,cpettitbt@csmonitor.com,764-854-0988
427,cgiottobu,ltolefreebu@w3.org,184-870-2625
428,ffeverbv,gstranahanbv@nifty.com,578-711-4943
429,rbrimsbw,kmccoveneybw@tmall.com,320-850-8276
430,awylltbx,lbroebx@yellowbook.com,598-546-0356
431,mshailerby,fburchnallby@time.com,304-543-2324
432,rimesenbz,acrickmoorbz@netlog.com,627-327-4300
433,hswanboroughc0,cmccuthaisc0@newyorker.com,225-250-2569
434,cellwellc1,udonanc1@scribd.com,588-525-9637
435,acannamc2,lmcpeicec2@tmall.com,930-548-6465
436,bbrixeyc3,ddealmeidac3@angelfire.com,216-888-4364
437,mgianettinic4,nvivianc4@unesco.org,220-930-9178
438,mjindracekc5,bdraxfordc5@tuttocitta.it,597-980-5961
439,mfauningc6,dheinzlerc6@ox.ac.uk,425-595-8833
440,bgrangierc7,bborleyc7@gmpg.org,710-529-6737
441,efouracresc8,bhousbeyc8@tumblr.com,599-817-2326
442,cmelmorec9,sfriarc9@jigsy.com,966-566-3773
443,bluggarca,lspeendenca@rediff.com,812-311-7153
444,adransfieldcb,aomarkeycb@rakuten.co.jp,297-597-3623
445,ztrippickcc,cpellmancc@dmoz.org,998-426-9898
446,lhaneycd,ljasparcd@opera.com,665-588-2182
447,gjoiceyce,gbewshirece@geocities.jp,543-246-5744
448,llawillecf,eskinncf@cbc.ca,747-322-6894
449,aswinglehurstcg,adollecg@bbb.org,825-261-4171
450,mhaithwaitech,bisaksonch@canalblog.com,904-301-8231
451,pmarplesci,mlodinci@vkontakte.ru,563-652-0560
452,gdurrancecj,mcorsoncj@google.fr,533-400-8723
453,bmalkieck,jathersmithck@ucoz.com,898-178-4786
454,gnottramcl,ddaringtoncl@bandcamp.com,791-179-0084
455,gbalhatchetcm,nberchercm@eventbrite.com,166-440-8751
456,mzottocn,dpardeycn@hubpages.com,525-300-1404
457,jmepstedco,ywhitehorneco@drupal.org,671-503-4399
458,gbuardcp,ndukecp@dmoz.org,414-446-8778
459,wplaunchcq,kchellamcq@youtu.be,225-667-2226
460,kkillingsworthcr,cperegrinecr@loc.gov,969-624-4616
461,hdodgecs,fandriccs@a8.net,810-430-0494
462,cjerransct,ltejadact@who.int,531-791-9563
463,equereecu,vnegalcu@businesswire.com,340-307-0136
464,vlorenzocv,mchilescv@xinhuanet.com,801-452-0827
465,rglovescw,nkynclcw@php.net,209-255-0957
466,dellwoodcx,rtuppercx@godaddy.com,171-201-8009
467,bgyngyllcy,ksimoncellocy@php.net,286-961-7023
468,rboyancz,tcastrocz@dropbox.com,597-696-6111
469,outtermared0,oseekingsd0@sitemeter.com,239-273-1489
470,abarendtsend1,ngherardellid1@digg.com,145-505-4735
471,cgordged2,ewalesbyd2@netscape.com,184-662-4732
472,sdened3,rbeninid3@cbc.ca,355-585-8965
473,mdoaled4,ranstissd4@usnews.com,727-637-8444
474,pexleyd5,lgowersd5@boston.com,449-518-0532
475,jollerd6,awadhamsd6@123-reg.co.uk,395-443-1738
476,mwitcombd7,hriefd7@last.fm,817-592-5538
477,sdobeld8,glesperd8@ameblo.jp,130-433-1156
478,bhovelld9,jartinstalld9@twitter.com,345-906-1889
479,agruczkada,ahammerichda@harvard.edu,744-854-5184
480,jtaylersondb,rhubballdb@1und1.de,999-458-4475
481,erisboroughdc,tbenediktssondc@seesaa.net,409-290-4287
482,dhemmingwaydd,lmorenodd@imgur.com,876-655-6859
483,ctolputtde,dzupade@jiathis.com,459-680-6112
484,djertzdf,mcardenosodf@squidoo.com,999-390-5190
485,drathbonedg,lportingaledg@unc.edu,469-716-1361
486,lwidddh,mfossittdh@about.me,597-446-2060
487,volagendi,bkleedi@soup.io,864-333-3290
488,sfiguresdj,bghiodj@arizona.edu,728-861-9552
489,csamsworthdk,amckintoshdk@chicagotribune.com,675-902-2466
490,nhealddl,sgiblingdl@nps.gov,621-437-4016
491,cpolsindm,wganforthdm@infoseek.co.jp,167-164-5302
492,espawforthdn,jmegaheydn@google.ca,948-984-7521
493,skempstondo,btithecotedo@home.pl,624-231-3709
494,wdowdp,eblamphindp@meetup.com,965-311-2618
495,cfarrancedq,jpotzolddq@spotify.com,786-537-0507
496,dgreendaledr,lharsantdr@alexa.com,406-992-3023
497,brosendallds,adundendaleds@multiply.com,734-344-5255
498,dromaintdt,curwindt@amazon.com,112-990-7668
499,jdulintydu,vsurgenerdu@delicious.com,976-160-1142
500,dvanveldendv,eguestdv@marriott.com,440-506-8718
501,gkirsopdw,pfroudedw@gov.uk,436-770-1051
502,dhirschdx,hlemmanbiedx@sohu.com,164-858-2902
503,llantiffdy,fdelchecolody@facebook.com,203-847-6650
504,sgebharddz,pperisdz@networksolutions.com,206-157-4889
505,ssplavene0,cvicare0@infoseek.co.jp,193-494-9394
506,egreenleafe1,eledingtone1@networksolutions.com,354-810-4020
507,rlantiffee2,adetoilee2@geocities.jp,716-585-6775
508,hwinche3,swaterfalle3@angelfire.com,763-177-8891
509,ccaustone4,msetterfielde4@walmart.com,964-568-4365
510,mpenlingtone5,epokere5@linkedin.com,789-212-6015
511,tsnalhame6,bjaynese6@jiathis.com,324-458-5730
512,aashpolee7,fquine7@seesaa.net,243-506-2482
513,jkimbreye8,abarchrameeve8@moonfruit.com,379-536-1056
514,vdurbanne9,lstorke9@whitehouse.gov,554-374-3882
515,xclemmenea,cwallworkeea@virginia.edu,271-938-4125
516,lgiovanizioeb,acrooseeb@ebay.com,147-769-0952
517,ckilgallenec,lweedallec@google.ca,483-477-8780
518,tmccawleyed,cbaylessed@google.nl,296-463-5911
519,tmaundersee,kmcmeanmaee@printfriendly.com,382-853-9574
520,bpottesef,nrosindillef@google.de,643-381-1514
521,sreweg,aevitteg@bloglovin.com,422-889-7131
522,dcallabyeh,tcamilieh@yellowbook.com,468-302-7676
523,dbenckei,bmajorei@scientificamerican.com,106-898-9116
524,gmatthewsej,karchiboldej@myspace.com,725-322-0587
525,hcaudelierek,gkissellek@weibo.com,409-525-1521
526,ceilertel,hpigeramel@is.gd,368-132-3205
527,ddevittem,jbarnsonem@sogou.com,424-423-1215
528,ccucuzzaen,dswinbourneen@amazonaws.com,984-668-4779
529,rdelbouxeo,agoddardeo@smugmug.com,652-478-2765
530,fharbisherep,cluthwoodep@omniture.com,540-121-2852
531,dduckereq,afudgereq@house.gov,505-937-9300
532,pashbolter,kbonifaceer@blinklist.com,110-780-2523
533,msparwelles,klydiattes@ebay.com,350-465-9036
534,rinderwicket,ctolcharet@ebay.co.uk,465-985-8944
535,claughtisseeu,bmaccomiskeyeu@123-reg.co.uk,290-398-3923
536,smustoev,tpotburyev@rakuten.co.jp,512-496-5864
537,otrawinew,lcassiusew@nba.com,410-795-1135
538,cembraex,pgellanex@scientificamerican.com,240-223-3724
539,jseldoney,kbiltey@nbcnews.com,883-674-5239
540,mlambolez,noilierez@sbwire.com,444-515-9600
541,gpountneyf0,hprattingtonf0@cargocollective.com,260-942-6010
542,jcharlestonf1,jjacobovitchf1@opensource.org,618-298-8417
543,gmccarrollf2,wpaulef2@gnu.org,411-425-9487
544,pformbyf3,dsinkingsf3@hostgator.com,999-921-3895
545,mknaptonf4,diskovf4@barnesandnoble.com,960-139-5162
546,smaydwayf5,nsnufflebottomf5@wufoo.com,687-744-5826
547,nclinesf6,lsendleyf6@google.com.au,841-224-9576
548,mmacarif7,iduguidf7@auda.org.au,222-454-6093
549,cdigbyf8,dbarthroppf8@shutterfly.com,160-288-3390
550,rtansillf9,aknealef9@home.pl,571-113-0906
551,jdellenbrokerfa,dbruneaufa@slate.com,229-318-2944
552,hbestarfb,cquarriefb@cornell.edu,705-684-7532
553,tturneyfc,smillsapfc@altervista.org,597-936-4052
554,umcomishfd,ssignoretfd@skype.com,431-556-6932
555,pbeckinsallfe,atocknellfe@about.com,208-619-3422
556,pdudneyff,sstearff@mit.edu,873-899-4214
557,winnerstonefg,iexonfg@lycos.com,250-201-9711
558,jsaerfh,amcillroyfh@huffingtonpost.com,649-407-5826
559,kscaicefi,gralfefi@berkeley.edu,598-577-1249
560,msimonifj,ohinstockfj@privacy.gov.au,906-342-7199
561,kinchfk,bpingstonefk@t.co,694-302-0615
562,mhunsworthfl,cchastelainfl@biglobe.ne.jp,698-598-0285
563,lgerhartzfm,phammerbergfm@free.fr,911-439-9588
564,tjahndelfn,bstrutfn@vistaprint.com,304-660-6064
565,nbonusfo,lmccraefo@tinyurl.com,539-444-0575
566,hloobyfp,celnoughfp@gov.uk,338-671-4279
567,jgrinovfq,bohairefq@fc2.com,551-806-3908
568,shancockfr,plandellfr@skyrock.com,304-735-1761
569,lgrenshieldsfs,mmaffionefs@about.me,147-679-0833
570,lchoppingft,skornft@nsw.gov.au,982-531-4354
571,mcaineyfu,eawinfu@time.com,666-429-3451
572,chollingsheadfv,vkillfv@nba.com,602-692-3449
573,goglesbeefw,jmosleyfw@imdb.com,112-145-0036
574,rmillottfx,jmoirfx@gizmodo.com,751-527-6508
575,kmcbratneyfy,scalenderfy@thetimes.co.uk,432-421-3736
576,dbrimmanfz,hdennyfz@unesco.org,814-999-8916
577,clillfordg0,lgarrg0@oaic.gov.au,519-774-4679
578,kleekeg1,eloughneyg1@pen.io,443-523-4732
579,lhawlerg2,dwrathmellg2@fema.gov,388-265-4860
580,kmcmeekang3,lprandog3@joomla.org,207-227-8920
581,obatisseg4,jgreenlyg4@seesaa.net,487-792-6457
582,dhavenhandg5,iaynoldg5@sphinn.com,501-978-4411
583,skiddeyg6,nwallingg6@photobucket.com,158-501-3718
584,nsmeadg7,mdobbsong7@github.io,234-945-8742
585,jbrookfieldg8,jkillcrossg8@oaic.gov.au,438-129-1558
586,cmarquessg9,eiacominig9@163.com,200-869-6216
587,lblaszczynskiga,cgrollmannga@simplemachines.org,730-457-6755
588,eheywardgb,ochantlergb@dyndns.org,818-477-9124
589,awhitehairgc,lquaylegc@blogger.com,685-971-8551
590,tsearlgd,gscarsbrookegd@mapy.cz,664-351-6277
591,bloreitge,fcantoge@xinhuanet.com,736-706-9384
592,cpegdengf,rpillgf@purevolume.com,491-563-9002
593,llovettgg,bdyblegg@weather.com,947-167-2044
594,traubenheimersgh,dnestlegh@ameblo.jp,557-859-8195
595,jhischkegi,zmaidmentgi@amazonaws.com,807-705-6994
596,bshitliffgj,lbrunetongj@hhs.gov,746-526-2057
597,kjakubowiczgk,abewickegk@bizjournals.com,109-917-0371
598,jfearnegl,ablackshawgl@macromedia.com,758-388-2939
599,ggonsalvezgm,epostancegm@paginegialle.it,614-828-5963
600,dadamowiczgn,mbeldamgn@slashdot.org,865-838-9577
601,abruungo,gguysgo@arizona.edu,597-807-9092
602,jdjurisicgp,cfachegp@uol.com.br,352-574-8860
603,pchavesgq,fspelsburygq@desdev.cn,920-845-2326
604,vgallagergr,gmccomishgr@icio.us,688-732-4868
605,jwhitehornegs,tbleasbygs@eepurl.com,993-892-5546
606,lbexongt,lcominsgt@miitbeian.gov.cn,317-735-7290
607,lbickstethgu,esolesgu@mit.edu,537-936-4255
608,slandrethgv,mfuttygv@techcrunch.com,725-895-9944
609,sdrakardgw,yalebrookegw@bravesites.com,349-344-9363
610,mbrownseagx,abarrattgx@privacy.gov.au,210-509-9772
611,khadleighgy,aspargogy@narod.ru,587-781-7781
612,jcrumbgz,lsheadgz@blinklist.com,760-570-6173
613,nfyshh0,kriddifordh0@youtu.be,176-534-9913
614,tstigersh1,tsteerh1@gov.uk,588-907-0624
615,akivelhanh2,jcasleyh2@bandcamp.com,312-754-0628
616,bmalbonh3,nduchenneh3@samsung.com,559-212-8354
617,bbriceh4,mambroginih4@imdb.com,163-216-9864
618,rrapinetth5,sdannh5@yahoo.co.jp,608-164-1673
619,abazocheh6,eclaxsonh6@jimdo.com,817-406-6115
620,cpauleh7,jlawleeh7@gnu.org,602-470-1123
621,mdydeh8,hfawsonh8@jalbum.net,624-165-8677
622,bcutridgeh9,kharstonh9@hp.com,309-436-3756
623,rsewellha,amauchlineha@sciencedaily.com,234-824-0501
624,kfromehb,htotherhb@skype.com,583-754-7410
625,dscadehc,cgilbarthc@ezinearticles.com,159-185-4186
626,olindlhd,lhallardhd@fda.gov,938-905-3649
627,covittshe,rborellhe@is.gd,341-868-2044
628,llinscotthf,cgerrellhf@com.com,891-125-3525
629,bmccaskellhg,rpigotthg@who.int,902-112-8944
630,ldominickhh,lchawkleyhh@cbsnews.com,447-544-9162
631,cblastockhi,afurmongerhi@stanford.edu,174-612-8574
632,arothhj,mshivellhj@gravatar.com,529-810-4990
633,jbadbyhk,daddlestonehk@techcrunch.com,563-332-2922
634,cmccoveneyhl,acorbiehl@icio.us,657-588-3144
635,ptwopennyhm,bprettejohnshm@elegantthemes.com,642-601-5550
636,mtremletthn,iskellingtonhn@fema.gov,631-464-1560
637,trollinsonho,rcoyishho@globo.com,391-123-1204
638,biscowitzhp,sbaudouxhp@tuttocitta.it,167-435-3060
639,rbenwellhq,btawtonhq@uol.com.br,303-543-5135
640,ypesketthr,sgimenohr@scribd.com,909-568-6657
641,rtesseymanhs,jquinneyhs@google.pl,614-319-9467
642,imanninht,dblewisht@sphinn.com,188-604-0150
643,pflewhu,cgouldbournhu@nydailynews.com,792-554-3168
644,abeddishv,hbreslauhv@is.gd,160-850-8501
645,qnethercotthw,cocarneyhw@istockphoto.com,510-405-4308
646,nmeldinghx,agillihx@cargocollective.com,293-850-3061
647,bdenisethy,nkorneshy@yellowbook.com,878-724-8625
648,daggliohz,lderrellhz@msu.edu,736-860-3219
649,mconmani0,cdenmeadi0@spiegel.de,702-456-2612
650,mcorshami1,fygoei1@uol.com.br,375-481-5637
651,cduranti2,ogozzardi2@ask.com,381-727-9396
652,bkinmani3,mpaleri3@washington.edu,677-338-2210
653,zfrancesconei4,erollasoni4@nasa.gov,899-469-8070
654,ipavlovici5,gbernhardti5@sohu.com,621-102-3878
655,jwhatesi6,ehuetti6@google.it,931-196-2177
656,jtomlinsoni7,dfibbittsi7@lycos.com,302-146-5968
657,dmourbeyi8,ksalsburyi8@sphinn.com,872-651-6916
658,ggentzschi9,eettridgei9@surveymonkey.com,587-321-9844
659,aoldcroftia,wclearleyia@google.com.br,796-588-8495
660,gtackleib,pdemerib@domainmarket.com,271-442-3231
661,hivimyic,asteptoic@java.com,991-876-9767
662,udeschelleid,kgritlandid@yale.edu,793-644-8427
663,dniasie,bpolsinie@paginegialle.it,579-644-2642
664,nludwikiewiczif,nmaplethorpeif@webmd.com,254-371-8323
665,tcarusig,prosekillyig@wisc.edu,403-121-6374
666,ltolossiih,bfiennesih@yolasite.com,250-562-3516
667,mlemaitreii,mbeckittii@ocn.ne.jp,910-457-4099
668,pfloundersij,cventonij@jugem.jp,658-224-0940
669,aprestwichik,gpopplestoneik@guardian.co.uk,275-495-1919
670,atuxsellil,tmanchettil@msn.com,405-941-4456
671,sedlerim,tcottillim@disqus.com,789-247-7937
672,vholywellin,llonderin@marriott.com,733-918-0913
673,jjanosio,pfrancisio@cdc.gov,262-625-5301
674,ysisslandip,gjopsonip@techcrunch.com,179-733-4791
675,ablundoniq,mbackshilliq@artisteer.com,154-545-6614
676,jedgarir,cparslowir@omniture.com,530-453-3921
677,fbatcockis,sbageis@economist.com,738-624-2092
678,ggunthorpit,sberridgeit@dot.gov,222-163-1593
679,skisbeeiu,bgensavageiu@engadget.com,267-562-5799
680,lbrendeliv,eorganiv@woothemes.com,539-867-5796
681,sclareyiw,mtewkesburyiw@europa.eu,833-325-3059
682,alivesleyix,mkickix@shareasale.com,865-647-2102
683,ssangariy,nginnellyiy@auda.org.au,257-523-7009
684,mcontiiz,bdarrowiz@europa.eu,712-337-3188
685,gpulestonj0,atimewellj0@independent.co.uk,378-216-1280
686,htatlockj1,aimisonj1@marriott.com,221-154-0696
687,mscarrattj2,dbertomej2@loc.gov,348-375-3298
688,misaakj3,ntathamj3@drupal.org,455-677-3362
689,cboasj4,apringuerj4@arstechnica.com,468-357-8306
690,ksherlandj5,fbassingdenj5@pbs.org,156-473-2668
691,glotwichj6,npaulssonj6@google.com.au,649-359-5591
692,ejenteauj7,cedisonj7@thetimes.co.uk,271-508-2937
693,biannuzzij8,nhandmanj8@usatoday.com,841-106-1374
694,ldoddj9,echamleyj9@berkeley.edu,142-409-7497
695,taslamja,cshippardja@cmu.edu,713-101-1869
696,kbynertjb,rkettelljb@theglobeandmail.com,622-182-8301
697,gdowgilljc,dhenrikssonjc@aboutads.info,781-947-5664
698,phousejd,abeacroftjd@cpanel.net,335-824-9213
699,kboakje,hkeighlyje@bandcamp.com,173-114-3546
700,loggersjf,aorrelljf@jimdo.com,102-962-6467
701,ngiorgionijg,dvilejg@soup.io,994-621-4187
702,cheskeyjh,esingyardjh@facebook.com,964-835-1050
703,celgeyji,eclackersji@reverbnation.com,188-752-6398
704,jhaythjj,lsamplesjj@cafepress.com,223-743-5249
705,locurranejk,ltolomiojk@washingtonpost.com,615-144-9946
706,cpackjl,fcoppockjl@sitemeter.com,517-559-8643
707,lcostainjm,dlenchenkojm@harvard.edu,872-527-8272
708,amclaughlanjn,croiznjn@google.com,290-104-4589
709,croyanjo,ghalwelljo@liveinternet.ru,179-433-5271
710,ltarrenjp,kforrejp@bloomberg.com,690-836-9782
711,oinglejq,leydeljq@mapquest.com,888-150-6507
712,gyouensjr,dpilmorejr@google.co.uk,292-888-7056
713,twattinhamjs,rvickjs@weather.com,533-225-0331
714,ecarnilianjt,wmattusevichjt@state.gov,137-440-9961
715,nnicholsonju,shuffju@instagram.com,669-533-0874
716,rbernardinjv,rthornleyjv@thetimes.co.uk,833-225-4946
717,cmozzinijw,hmcgilljw@rediff.com,702-191-7342
718,byanshonokjx,ldredgejx@salon.com,998-486-9559
719,sgeartyjy,agorckejy@1688.com,499-703-7413
720,rrealyjz,ckoppelmannjz@twitpic.com,214-657-6068
721,bruddochk0,vbrisseauk0@wufoo.com,263-881-1344
722,obawdenk1,cdunfordk1@sogou.com,908-359-7548
723,bminchentonk2,blaylandk2@cocolog-nifty.com,658-612-1319
724,bblackettk3,cchittendenk3@macromedia.com,464-519-6214
725,lharkerk4,alantiffek4@cbsnews.com,750-698-3277
726,hitterk5,adobbinsonk5@furl.net,458-728-2795
727,kbessellk6,cfendtk6@flickr.com,197-668-7009
728,ccootesk7,egloverk7@shareasale.com,441-484-2848
729,aphinnisk8,mworsomk8@nps.gov,204-268-3823
730,btruscottk9,csteersk9@naver.com,931-933-7734
731,phuttonka,sgrievesonka@umich.edu,932-624-5155
732,sblaycockkb,jpentecustkb@un.org,432-710-7409
733,ejulykc,mworsnupkc@theatlantic.com,268-904-8649
734,rtrenfieldkd,emograkd@homestead.com,887-588-6946
735,yeddicottke,etwintermanke@nationalgeographic.com,171-142-8524
736,lruffellkf,lwoodrooffekf@desdev.cn,839-976-3188
737,sfortyekg,roleninkg@amazon.com,261-604-8875
738,rseilerkh,shortopkh@hc360.com,499-164-6765
739,jbaylyki,zkelwaybamberki@marriott.com,705-553-1213
740,chounsomekj,mmackeekj@msn.com,972-509-3204
741,dkupkekk,aledwitchkk@kickstarter.com,617-226-4934
742,availkl,aelsomkl@usa.gov,918-302-7968
743,gkemetzkm,marmallkm@fotki.com,858-212-2812
744,kdonoghuekn,earmsteadkn@sohu.com,178-569-4814
745,wkeasleyko,kdybleko@skype.com,301-877-4567
746,osearleskp,fmayhowkp@ycombinator.com,246-309-8275
747,kmacnishkq,mbyforthkq@comsenz.com,514-104-9506
748,blampittkr,rgavrielkr@addtoany.com,444-364-3724
749,msaigerks,mtrilloks@privacy.gov.au,925-496-1204
750,cgoodallkt,mlewingkt@blogspot.com,285-268-9979
751,bguntripku,pgiacomiku@about.com,955-724-2223
752,jwinterbothamkv,emcbaynekv@symantec.com,346-433-0227
753,yjennenskw,ledgerlykw@nbcnews.com,256-540-6589
754,dbettaneykx,htregenzakx@slate.com,861-212-5903
755,fdunsireky,sgyvesky@accuweather.com,669-362-9898
756,tungerkz,flecordierkz@toplist.cz,661-581-3539
757,gingledewl0,aassadl0@mac.com,804-548-0995
758,ahowsonl1,vkerl1@europa.eu,608-415-9792
759,lchirml2,icarnel2@mac.com,819-603-0466
760,acurstonl3,akitchingmanl3@wordpress.org,275-986-4592
761,tocarrolll4,rphibbl4@state.gov,400-338-4245
762,gandriveaul5,cgiacobinil5@loc.gov,850-132-1766
763,ahadfieldl6,wcoasterl6@fc2.com,821-586-3303
764,fchapplel7,bfarryannl7@utexas.edu,570-810-1333
765,mdyhousel8,dboswoodl8@godaddy.com,949-957-9041
766,aaldridgel9,mbarringerl9@g.co,768-373-0710
767,rbettleyla,ykochsla@paginegialle.it,454-119-2828
768,ltimmslb,rhinkeslb@cbslocal.com,779-318-5958
769,aickowiczlc,jbillhamlc@naver.com,855-706-3320
770,lzoldld,jmcgreyld@goodreads.com,313-162-7547
771,nloncasterle,pwaterhousele@scribd.com,712-250-6622
772,agordenlf,mbartelotlf@nydailynews.com,401-775-6070
773,nmartuginlg,kmaymanlg@ebay.com,799-410-2920
774,otiltlh,oflavellelh@umich.edu,483-614-3109
775,ojentleli,dgrimmerli@histats.com,354-722-0486
776,adurranslj,wrosenzveiglj@barnesandnoble.com,633-248-0226
777,dgrafomlk,rkynetonlk@europa.eu,540-377-2141
778,lbeldumll,ckickll@reverbnation.com,224-607-0947
779,rhuggonslm,geyrllm@craigslist.org,677-288-0856
780,mmassonln,jdadleyln@cbsnews.com,809-320-2783
781,ztometlo,hburklo@hhs.gov,945-996-4676
782,alearlp,ochrestienlp@mysql.com,141-244-2245
783,eashingdenlq,cstanburylq@usatoday.com,215-752-5138
784,videndenlr,lmcgairllr@issuu.com,988-366-6906
785,obedrosianls,oocannonls@sun.com,846-314-2219
786,wbredeelt,ddelacroixlt@linkedin.com,323-479-3296
787,aplumtreelu,hbodleighlu@va.gov,480-739-0916
788,anewbattlv,rbatecoklv@blogger.com,111-939-2096
789,ksellicklw,molivettilw@nhs.uk,267-542-8782
790,kmcmenamielx,nleteurtrelx@tiny.cc,835-662-4237
791,hsleafordly,nouthwaitely@xinhuanet.com,291-395-0255
792,cpurrierlz,mmelialz@globo.com,653-216-9452
793,tgreystokem0,mderobertom0@nyu.edu,925-781-9591
794,ploundm1,ngloucesterm1@usnews.com,337-124-8543
795,cdeesonm2,spattullom2@wikispaces.com,289-434-8993
796,cdwyerm3,ncorpm3@tmall.com,359-645-9685
797,odurramm4,ederochem4@npr.org,279-792-8439
798,vleggatm5,tkencottm5@who.int,438-661-7400
799,gwennamm6,cbroskem6@jiathis.com,800-193-4031
800,csapsonm7,wvolksm7@last.fm,836-166-9446
801,atiernym8,mcaddanm8@netvibes.com,893-936-0539
802,sfarlamm9,asteensonm9@bizjournals.com,244-929-1472
803,gjoutapaitisma,dtredinnickma@artisteer.com,996-651-9534
804,wgrubemb,jtheoboldmb@miitbeian.gov.cn,517-484-4762
805,ialeksandrovmc,hhovemc@jimdo.com,165-110-1445
806,apetrussimd,rrivettmd@oakley.com,724-852-6148
807,lgallimoreme,jbrackenburyme@pbs.org,739-662-9769
808,cboogmf,jdefriesmf@sogou.com,564-450-3648
809,vruckledgemg,bhuntingmg@about.com,814-232-8425
810,reedemh,cmcarthurmh@blogtalkradio.com,557-761-9017
811,gcarismi,drawnsleymi@indiegogo.com,718-854-7292
812,rparmitermj,hcollingtonmj@oracle.com,756-630-0877
813,jwhysallmk,sfreenmk@booking.com,141-330-4117
814,ggorickml,bbolsteridgeml@mac.com,273-402-9616
815,zgainormm,playlandmm@icq.com,635-937-3034
816,bszymanowskimn,cnegalmn@quantcast.com,312-689-1152
817,dstampemo,eaizikovichmo@fc2.com,266-558-8588
818,bmcguanemp,jmarshalleckmp@kickstarter.com,466-737-6086
819,gwhybornmq,fsmeallmq@multiply.com,273-913-8358
820,bhellingmr,ableacklymr@ox.ac.uk,169-323-3452
821,wkynseyms,scarlingms@google.pl,433-248-1044
822,mcuardallmt,shartasmt@cargocollective.com,978-937-2373
823,vchedgeymu,cpotburymu@hatena.ne.jp,470-439-2424
824,fjurkowskimv,tvasnevmv@upenn.edu,559-906-6668
825,sbidewellmw,csegoemw@sitemeter.com,547-887-5696
826,mrosenhausmx,mboxermx@woothemes.com,650-444-9177
827,theskinmy,hlangthornmy@trellian.com,669-939-1717
828,lwastlingmz,adaccamz@hp.com,697-896-9576
829,amannn0,landrin0@vkontakte.ru,533-766-8124
830,kmccutcheonn1,ztyasn1@time.com,267-898-5543
831,mmorebyn2,ealdcornn2@yelp.com,478-738-4176
832,gcristoln3,hphillottn3@cpanel.net,668-109-1279
833,sdoulln4,kduguidn4@discuz.net,874-438-6003
834,cwindaybankn5,mballhamn5@fotki.com,978-850-9792
835,gmoorwoodn6,tsauttern6@twitter.com,888-811-2196
836,mmarinin7,mcranglen7@chronoengine.com,832-206-4615
837,cdurdenn8,nchallesn8@cdbaby.com,175-755-1685
838,omccaugheyn9,lgiacovellin9@kickstarter.com,682-931-1771
839,hmacmickanna,pfeyena@netvibes.com,519-336-4749
840,rpidgleynb,rcotteynb@auda.org.au,912-469-8576
841,ckewleync,pbaudouinnc@tiny.cc,485-255-0433
842,jharbagend,gifflandnd@plala.or.jp,204-645-0361
843,mdmitrne,dmcduallne@hubpages.com,129-396-2879
844,dmotherwellnf,udythamnf@naver.com,930-566-8956
845,hbricknallng,olukovicng@princeton.edu,600-510-3794
846,cduredennh,fshoresonnh@webs.com,585-336-5492
847,agyseni,jdightni@microsoft.com,988-173-9384
848,ehempelnj,bgealynj@state.tx.us,895-960-8612
849,jwhymarknk,ginwoodnk@nymag.com,130-785-4571
850,ctremmilnl,wposnettenl@tumblr.com,912-138-8382
851,bswaffernm,lgoedenm@dagondesign.com,180-109-6208
852,tgreschiknn,jquelchnn@mlb.com,490-285-5312
853,wbraineno,mkollaschno@vk.com,243-103-1723
854,ascholenp,frolsenp@twitpic.com,400-706-1788
855,vbelisonnq,jgraingenq@wp.com,740-314-2687
856,emansellnr,cyerillnr@twitter.com,219-103-8956
857,lhrynczykns,rskalans@chicagotribune.com,116-535-0040
858,kkubickant,ckilmartinnt@yellowpages.com,755-358-6150
859,gspatignu,dcoupernu@ed.gov,858-612-7447
860,dajamnv,ndanielinv@twitter.com,702-179-3526
861,stimbridgenw,hllorentenw@cbsnews.com,629-387-7140
862,ggreenonx,dspauntonnx@state.tx.us,544-272-6387
863,gcumingny,egodleyny@google.nl,649-112-3489
864,jkleehuhlernz,scalvennz@jiathis.com,325-597-7674
865,mdesouzao0,nvinko0@scribd.com,340-788-4105
866,dwesterno1,nsymondso1@dailymotion.com,985-582-0338
867,mmarinio2,rchalcrafto2@wsj.com,811-563-4246
868,gdanello3,vpotapczuko3@apple.com,516-373-6335
869,tsussexo4,hreadingso4@sakura.ne.jp,404-640-8801
870,carmoro5,sfyldeso5@census.gov,491-794-7246
871,shastwallo6,cbotheno6@latimes.com,854-985-3277
872,gcassellao7,vbruuno7@simplemachines.org,784-642-2002
873,clangabeero8,wdaymondo8@hibu.com,219-333-3579
874,bmastero9,abradbeero9@ucla.edu,100-447-0474
875,cstorkoa,rpetroffoa@cnbc.com,529-616-8486
876,sstarbuckob,aattestoneob@telegraph.co.uk,470-110-5661
877,ggorringeoc,amccheyneoc@t.co,352-833-8905
878,mdodwellod,sbursnellod@seesaa.net,966-561-6262
879,hskeneoe,ppennelloe@amazon.com,560-393-3159
880,mbunkerof,jdobrowolskiof@amazon.co.uk,168-549-0304
881,wweldrakeog,iharlinog@squidoo.com,241-596-7005
882,pheddenoh,sgossipinoh@uiuc.edu,241-639-9452
883,jmarcusoi,umcelweeoi@w3.org,455-904-0973
884,randereroj,ecoiteoj@freewebs.com,237-247-1282
885,anucciok,eredhillsok@tiny.cc,508-526-4881
886,tmoringol,egiffautol@hexun.com,960-455-3606
887,millwellom,mdibdaleom@cbslocal.com,192-915-0306
888,kglencroson,scartmaleon@digg.com,161-368-2208
889,mhiddsleyoo,tlaugharneoo@networkadvertising.org,264-259-3940
890,shazleyop,ewolfordop@indiatimes.com,884-322-7621
891,mpenmanoq,gfergysonoq@dmoz.org,850-103-5078
892,msambeckor,bblagburnor@cmu.edu,106-577-5001
893,vbattersbyos,dduckeros@dot.gov,133-532-8967
894,jmarrowot,ndiruggieroot@squarespace.com,660-678-9789
895,kpfaffelou,bchessou@google.pl,385-915-4315
896,aaxelbeeov,eirvinov@quantcast.com,292-668-2158
897,ncakebreadow,cplessingow@army.mil,989-980-6632
898,wpurpleox,lzanicchelliox@scribd.com,575-907-8149
899,tsmeathoy,csayesoy@marketwatch.com,295-306-9040
900,fdalrympleoz,cduffrieoz@bbb.org,977-890-5626
901,egaliap0,ssaundersonp0@sciencedirect.com,993-633-0696
902,boloinnp1,elaughreyp1@shinystat.com,783-979-7234
903,klidellp2,dblasingp2@naver.com,545-103-3605
904,lphysickp3,zgiffonp3@apache.org,811-934-8863
905,dkleinbaump4,efaithornp4@phoca.cz,404-211-8844
906,cjoinsonp5,vhatliffep5@arizona.edu,760-471-9602
907,bdwanep6,mperringtonp6@kickstarter.com,975-695-4827
908,leydenp7,tlangthornep7@ucoz.ru,360-777-3156
909,svalentinp8,lkippiep8@scientificamerican.com,258-117-0071
910,gkalewep9,kcundeyp9@bandcamp.com,493-145-6738
911,ptetsallpa,vcowgillpa@ucla.edu,768-269-0655
912,khenripb,lunthankpb@tripod.com,657-202-0809
913,gpittwaypc,ctapsonpc@spiegel.de,450-922-5180
914,cforkanpd,ljapppd@elpais.com,209-634-9720
915,afrareype,mmarlowpe@nasa.gov,497-819-3432
916,terridgepf,lsouthanpf@eventbrite.com,364-526-1848
917,mleariepg,crosellipg@hugedomains.com,628-353-7190
918,ckippaxph,dbettesonph@ucla.edu,613-604-8454
919,jpeperellpi,marnoldspi@illinois.edu,112-912-3867
920,fmcconachiepj,lgarfordpj@unblog.fr,366-321-8163
921,pbuneypk,mmincherpk@facebook.com,780-784-0049
922,chakeworthpl,rfarrerpl@amazon.co.uk,644-283-7689
923,clambalpm,mconyerpm@cyberchimps.com,186-442-2533
924,jllorentepn,mcloughtonpn@tuttocitta.it,455-328-7146
925,flestorpo,ndavidssonpo@alexa.com,932-946-4286
926,mjenckespp,cgovepp@simplemachines.org,262-911-6905
927,abrandenbergpq,ebaylesspq@msn.com,391-760-2822
928,mmoulsdallpr,edackombepr@marketwatch.com,245-662-2804
929,egalleyps,bfleetps@ameblo.jp,728-359-5478
930,ptorregianipt,tmcneishpt@pinterest.com,305-658-5865
931,aheggiepu,dmoulderpu@addtoany.com,143-698-2686
932,asiggerypv,mdonaghypv@sohu.com,729-934-4362
933,frawnsleypw,kclearspw@mysql.com,567-506-6993
934,obonnickpx,tkeddiepx@networkadvertising.org,877-532-2769
935,dgehrickepy,lisabellpy@forbes.com,680-875-4080
936,ltitcompz,ncarollpz@smh.com.au,365-645-4754
937,dzuanelliq0,lravenshearq0@reddit.com,655-524-8722
938,tgrivoriq1,dalbistonq1@naver.com,407-192-9817
939,tangusq2,ekinsleyq2@tumblr.com,480-469-6466
940,jisaakq3,fmacconneelyq3@vk.com,459-583-2548
941,shumpherstonq4,alenardq4@alibaba.com,324-739-4852
942,bdutsonq5,cheskinsq5@constantcontact.com,486-512-9337
943,scornfieldq6,omahmoodq6@squarespace.com,512-820-5154
944,nwedonq7,lperelloq7@nationalgeographic.com,438-890-3591
945,wgavozziq8,smomfordq8@dion.ne.jp,466-396-2177
946,pfouldq9,cbeersq9@shop-pro.jp,992-132-9472
947,asmidmorqa,dalesioqa@plala.or.jp,339-225-2592
948,rlisciandroqb,alobleqb@nyu.edu,931-925-6911
949,ckelingqc,lpeppettqc@csmonitor.com,809-363-8346
950,rknotonqd,dharowerqd@google.es,737-873-8461
951,sexpositoqe,ieatonqe@blogtalkradio.com,533-962-7620
952,rtonnqf,lbroseqf@hc360.com,128-662-5864
953,ayellopqg,nbolgerqg@360.cn,774-341-0742
954,sschoffelqh,bherityqh@quantcast.com,230-386-3239
955,glacotteqi,kroddersqi@sciencedaily.com,600-712-9392
956,iperigoeqj,bkroonqj@ftc.gov,337-137-3474
957,tcodronqk,dpenielloqk@desdev.cn,679-670-0101
958,cdawidql,dmattinql@comsenz.com,599-254-2145
959,lpechqm,cmedewayqm@upenn.edu,621-156-0945
960,kmccullockqn,twillougheyqn@mashable.com,735-256-1980
961,jrizziqo,kdignumqo@myspace.com,680-170-7302
962,amarquotqp,htieraneyqp@toplist.cz,247-687-0682
963,pmcdillqq,mcastletineqq@cocolog-nifty.com,619-330-1241
964,iraynerqr,zbursellqr@live.com,991-123-2561
965,mgouldstrawqs,ntrailqs@gmpg.org,518-279-0392
966,nleblancqt,jjeffcoateqt@nyu.edu,271-356-9403
967,mswalwelqu,kseagequ@samsung.com,191-870-2685
968,ghankinsqv,rmanoelliqv@ucoz.ru,555-733-0235
969,arimingtonqw,hhacaudqw@walmart.com,284-232-0542
970,pbohlinqx,dcavaneyqx@senate.gov,713-285-2719
971,lbusenqy,zgressqy@scribd.com,477-998-3337
972,kmasserelqz,gsparwayqz@elegantthemes.com,518-502-1135
973,apittockr0,pvickeryr0@lycos.com,347-577-2543
974,fiddensr1,ucholoninr1@1und1.de,964-454-1627
975,mhurringr2,rgiannir2@google.de,499-674-2876
976,odykesr3,jgandarr3@linkedin.com,697-716-5767
977,mbloxlandr4,mjeaneaur4@last.fm,101-807-1573
978,eswyner5,fbagniukr5@toplist.cz,654-896-4780
979,ssaller6,sjanaszkiewiczr6@ucsd.edu,327-381-8355
980,abaughr7,asmoutenr7@com.com,965-358-6224
981,rfrowdr8,cwildmanr8@nhs.uk,274-957-3097
982,dgolder9,cebbersr9@foxnews.com,151-232-9495
983,gbulleyra,ajallandra@hubpages.com,456-549-3633
984,mribourb,wcornelissenrb@xing.com,839-603-8860
985,pcamblinrc,lstoeckrc@php.net,443-336-3974
986,vkempshallrd,csagerd@tamu.edu,797-465-5997
987,aotimonyre,dconwellre@instagram.com,714-965-2737
988,bslaneyrf,czornrf@ft.com,209-112-5630
989,rmcnameerg,nredishrg@un.org,559-177-2123
990,etomaszekrh,pfeldbergrh@rambler.ru,766-813-0411
991,cpenrethri,gplaskettri@senate.gov,194-363-3461
992,mrushmanrj,eleacyrj@acquirethisname.com,331-475-4198
993,mfrewrk,gcornboroughrk@uiuc.edu,816-262-0970
994,shawkerrl,abirdwistlerl@t.co,804-936-9743
995,pswaislandrm,lfeatherstonerm@liveinternet.ru,782-275-9135
996,itadmanrn,lcraddockrn@globo.com,959-225-7147
997,dmahyro,bvarnero@wiley.com,808-188-4395
998,dmurdierp,amonksrp@reference.com,649-548-9234
999,hcleverrq,nsaurinrq@buzzfeed.com,578-112-8287
1000,mchstneyrr,selstonrr@histats.com,569-967-1028
