user_id,username,email,password_hash,user_phone,created_at,last_login
1,nmitcham0,cgoodhay0@4shared.com,$2a$04$ikero3R7KZUR6U9NleZ8ZuNNi5SC7qe6/dTtvM6pR65h0abPlSyze,Food - Prepared Foods,AF6795,63629-3279
2,hfarmer1,lmcgrail1@addtoany.com,$2a$04$Nzr3S0igjqQF43MGxcIox.wCH1w/OMPquiiIiiJUh2ifPvQs6llBK,Food - Cooking Oils,CX5757,0113-0645
3,sbexley2,atuttle2@google.com.br,$2a$04$/hrY9gwH/njZOTELz44fSO3Sg61bAA20489hGBG/90ihSrTuUd2bC,Food - Dairy,KE2208,24385-130
4,idowsey3,mdugood3@mlb.com,$2a$04$T2RL4wpimzajhzNhn.3fUehSsZExMxmudrRxaxfyLWtgWmZFfw2.q,Garden,EK4555,33992-0519
5,mwhitchurch4,aacres4@newsvine.com,$2a$04$qTS6OdFG26H/D0KCFM.NHeilOe0auc.al.Octd96gRtTnBrh3aZZi,Food - Grains,AC1283,0093-7168
6,hborrott5,ccoleshill5@unc.edu,$2a$04$7alnv90ugJx5W7IPmy.5nOLQzIPGV8s.x8i7E6d9DLg9ezKPnDbLO,Food - Meat,NZ6628,68289-009
7,ccostar6,nyurmanovev6@sun.com,$2a$04$8BvDyzdPxUi.4wD7ZnBU9eQUtQJZkM45RmBkSpFIv/nbj4t9LzKlS,Outdoor,KE5551,41520-236
8,ehodge7,ccreevy7@studiopress.com,$2a$04$lNhdDtLd9LwvY1qbodWvIOasqt20Bul4SWrT5fH5hUellA6sAR0LC,Food - Frozen Foods,AV5663,75830-002
9,pmillichip8,bbrockhouse8@newsvine.com,$2a$04$Uc9n7eqc2tqjBVk5gah.keGSIFwgNUjhW5W3NFrV7oRoR5tTrEocG,Pets,NZ7733,59779-072
10,xvarker9,ddodsworth9@japanpost.jp,$2a$04$s5nnHr.IKyo95ra/s29ltuGAwVjqTiWex61hNx6i7fOvZm1fDWbd.,Kitchen,AM2211,60505-2547
11,nweeksa,cdafferna@aboutads.info,$2a$04$5jBTteAKWEp3uYsZ8tfoX.aW7wX7Ma9wPCJUB.evNgyiS7.5xwxFm,Clothing - Skirts,KE3373,25021-157
12,tlocksleyb,nsurpliceb@yelp.com,$2a$04$CD8QtZQMakdA1BTjhgFI9uZvtEc0hKJjEmC5Wi.2agUp9DcyGlSEW,Food - Condiments,ET2727,57520-0521
13,gmacmaykinc,kdanec@vinaora.com,$2a$04$rsatM0LVGN4a9SQ6hjnJTuzZMR7mi7phOLbLHMMyCBmnk5362jgmS,Outdoor,TG4623,49873-705
14,enasid,hciottod@unicef.org,$2a$04$uFdX5815ptGjt2yHcfe1HuKr9e9gRxkGhWhIk7mrB0Gl5WGbfZvm6,Food - Soups,QR1102,48951-3130
15,esnoddone,mmatthewse@cpanel.net,$2a$04$JfpxFTH9zFUfXNeI/o0Y4eIDDsYMuIWO21NDuXLD3wKGaoNK.9Fq.,Clothing - Outerwear,IB8675,25021-119
16,ytrunksf,mcoulingf@example.com,$2a$04$N.dnA7DnEyXXPor.Uiv72OvheJ.KdD.QQfGxaY8gJvTXObVFYVxtW,Outdoor,EK8649,50804-360
17,mbegginig,fralstong@woothemes.com,$2a$04$8oH8Aqj3n5laiTKXlaSkkOM.Hjwyd8.qbeezpwVIx4XOwDKaBl6Ma,Food - Prepared Foods,CX2657,49349-977
18,bhorneyh,smemmoryh@about.com,$2a$04$tgrUrg3VQuyLOay2XcgfyuihmCW8aBwOGaOwUcq47F9dHxSoIfH7.,Beauty,AZ1471,47682-819
19,ilabusquierei,fdittsoni@cdc.gov,$2a$04$i3efb6d2H/mYbnMn2I1peubsNJo5syHhNtAnaHe7C9Lgrcl4.ep32,Food - Frozen Foods,AV5118,10096-0217
20,amccaskillj,bhalkyardj@com.com,$2a$04$AO2fo3Ii7dmENvtTK/iW8.Hq7nvItJUnFOEpObRdvtF38Fno2PGPe,Food - Condiments,QR9968,68382-078
21,clummisk,pwalterk@spiegel.de,$2a$04$9GWMMP5gj8.O3TKMptNMvuHv0R6XOfPn2VR2hQcCjJlEaCVbXzp42,Electronics,SQ4020,0093-4404
22,vloheringl,rlampaertl@who.int,$2a$04$eR4yruQGdsGOfPT/V2OiyuNCLP2.z6BVvsaPk7PfTEbZ0IOBslBvK,Food - Beverages,BA3676,44087-8090
23,iperrymanm,czanicchellim@gravatar.com,$2a$04$fsNIrnbfwUrBuZ2dfEHTreJfgY49UNodD7zA06oqidSlsj4Je48.K,Accessories,LH4362,55312-234
24,ecandlinn,tpendern@xing.com,$2a$04$3D3vuGXpW1PT/.7xcJX1vOMyIVXXPoPlD3M0HgoHU.8IR6Rn0AYWq,Toys,SA1644,0603-4383
25,cpearlmano,hseviero@shareasale.com,$2a$04$/nARKGeaZBzjotbATMcQ4eywbdf2qG49GbVeXro88lbzEQy2nKae.,Kitchen,SQ5891,62802-208
26,nbogaysp,lastillp@google.it,$2a$04$SXYHrLSFw.tGdOdORb.feuItOPq0twBBoMq5dAhYom5jzIHmdyBlq,Outdoor,AF5273,75847-5001
27,idrinnanq,griseboroughq@google.it,$2a$04$Z6oAi6BP9oqEsfRHGn8XHe3H/qgJj2FMTdgqi6dI0Y5cCKMrsZziO,Outdoor,AZ6261,51079-385
28,lscothernr,zlawlyr@wunderground.com,$2a$04$eolVSFtk7XE792Ap367xMuSZUsx.dtr5pF/v2OjUzzxHOuBRNv5yu,Fitness,SQ3139,52959-219
29,rwormleightons,lriseams@youtube.com,$2a$04$M3Lnd9ZkBpeJftU2twvvmO9uoMRnWqbArUD7iRqUBxeYkstFujEfO,Accessories,SK9545,52380-1617
30,hbreartyt,jmacaskiet@kickstarter.com,$2a$04$XRu59jQK0sal6nQ3nBZNF.9ILCxWgX83g9c5R39r22qYEd1yy/x4.,Food - Dips,AM9650,51862-216
31,cgudemanu,bwealdu@vimeo.com,$2a$04$0N8.xWNdNsj5CJD5CSg1u.6whI4tr8oUwBpYwRJxcoyFXUcW1vdd.,Food - Bakery,SQ8844,52959-030
32,vhugov,ttrusdalev@topsy.com,$2a$04$h3tWXODAO0ZhHv7w2r4b0eNJ3IArLUB79RzBNQjC8sq.jld0g7c1G,Fitness,QF3355,0113-0396
33,ijeffrayw,wabrahmsonw@jalbum.net,$2a$04$5DVsD2gMEvpS2Dt0H.fOnOkPFCs6Zb7cYJwABx.6mOLYPOubjE.Z6,Audio,QR1587,63629-4663
34,kreublex,lgladdingx@xing.com,$2a$04$dQeupioLxTwgB48BG31Puup4SwqwvBtX0WaCWFoaTzKaR9VOyinF.,Food - Snacks,EK9627,0536-1970
35,dwaymonty,amarnaney@de.vu,$2a$04$GUaaw/SkkCI5V4bWTOUqlelLz3gP4nl6iKBYeY6g45fBj295GMqGu,Food - Snacks,AM2819,59371-6510
36,sdowerz,ccornfootz@360.cn,$2a$04$XqmZtWBiDylz8loX3QdaZOLHEzC7td1THP.ML/UcWsF9DBgUqb1Xe,Toys,AA4559,21130-571
37,lnewstead10,mpoulsum10@wunderground.com,$2a$04$1YO2etGsYE6gqU2R7bWrBeme.2oMdS6pyIesHm31HNh1j4kYCtGie,Home,SA7408,52584-901
38,ajostan11,fivamy11@narod.ru,$2a$04$RGCm2yDBCCWZG89MoKyzf.oQ5eSGxRAmiQ0t1dYvGW1mM/N1iAAq6,Home,SK8375,49348-091
39,sstave12,vsybe12@php.net,$2a$04$E4kUNoDU.SBnd0Swn7bEZeVcCW0GZGR7bZ9QUsS0OSXPzqTjQw.QC,Electronics,AZ8513,21695-045
40,ncolthard13,dskeats13@usatoday.com,$2a$04$m3wFgRoH2YJq5gTY8is3/uofkXiSvmM.Mt7gRFu7x7khZw0nkKviG,Food - Baking,AV6412,49288-0244
41,dpoli14,bbertomeu14@opera.com,$2a$04$a4VMU8GVwb3jLIZkcd2MvO.0B9WPt0MWU6dKchUG.oXjRGUBCSrHi,Outdoor,NZ5451,36987-2908
42,nmeadows15,aavesque15@rakuten.co.jp,$2a$04$4UQloYQM1wtfvv7YN9KoVuqxJ.MbW577XUIjO4gGP1iLDI.Lq3yIa,Food - Meat,QR9885,54868-6275
43,ebernaldez16,gguisby16@cloudflare.com,$2a$04$qKaD6VTlCQp4qMFPZDVJLOY9gCBZGYZ.4gjPhF/hxdHcZ8aXzWOJu,Food - Snacks,AA3540,43547-337
44,rkivelle17,mternault17@cornell.edu,$2a$04$LFb91GadzBHHb8XPRRy25O42LWF9Ec0CtxG9.WPNBnVT1bdaB2zHi,Garden,AZ3806,10056-990
45,bcleugh18,ndilgarno18@unicef.org,$2a$04$euPv8cV4BnUL.16OKpLINuSTm1bjgxlzXHWARVqB7xR2cnurCGZEW,Food - Baking,CX2504,24090-410
46,vbyfford19,whannant19@phpbb.com,$2a$04$74NZxZ8UqpJyrh3soijXQejuYBNydQ6wThsg/u5Y5GvbHHuZ0J7zG,Food - Frozen Foods,DL9764,42783-630
47,mlowman1a,vharradence1a@aol.com,$2a$04$7cC4ocTjkfx/btVbdQlN0eT/XfZDVKBl10XVdjJIhy09IXEg8tjYa,Outdoor,SQ7791,59779-149
48,ttillett1b,gallgood1b@google.com.au,$2a$04$k0LdRnoNyRERH38NElaG3OKLDEEwtLMF7JhOWWzOtkc86tEYPni9i,Food - Salads,AI3145,36987-3359
49,irucklidge1c,mtalman1c@indiegogo.com,$2a$04$OLKByIweaVid/dI8ChhMLebLybrj7qCRI50z/9A.0AwUWDeJq19q6,Outdoor,AV1894,0378-4022
50,aeyckelberg1d,kpeters1d@woothemes.com,$2a$04$rDX1lAZPIgdRudxp1lOGKOLEyoR0CbDXJKa2pMoUIShqP2xuQ.yIS,Food - Frozen Desserts,SQ9385,0024-5851
51,cpates1e,agoroni1e@nih.gov,$2a$04$KgnXdc1.2i.DQtM38PnpWeAfzPWxkUxbuYNPcEzeLp2JV8fUjwpn2,Food - Snacks,LH6786,11489-060
52,jbroy1f,cweall1f@netscape.com,$2a$04$z5/EQZ9h6cxUYAl0mFfty.ac7zf17qmpntN.xqPywyGdMoAwCHlIG,Kitchen,AA6647,37808-613
53,ecann1g,dmckeaveney1g@hugedomains.com,$2a$04$puOhelmeL9WWzq9J47FMg.act8KorhctZHwhGOtzAQI0OswwKtndi,Toys,SQ6228,53808-0340
54,shazlewood1h,nsabattier1h@wiley.com,$2a$04$HMkj8Ik8Kj/tKpsLTyC.7OdlpZFSgvvpYD.4AUuj2W4FdRN4YMr2a,Food - Condiments,CX3838,0998-0206
55,pwillcocks1i,gthorrington1i@newyorker.com,$2a$04$jGH7oNfxKmhPXL2TOX9fUOPx2W14BZZ3ykiDqoKvDuXMiNApF2K9O,Health,LH3518,61767-002
56,cpender1j,ahalvorsen1j@cafepress.com,$2a$04$C2SIi0Zu7u.E4tfipRRiqORUi.UGDIK0swjHICUx4wKs6nrlmytsm,Food - Grocery,AC5199,63629-2753
57,rforrington1k,jheighton1k@economist.com,$2a$04$GSI/zMI7aYirPSRwUpiqWetYwZ1g6Uu5ibU.HctPWALlLO9Rqa1Ua,Food - Snacks,QR1805,63868-926
58,adahmke1l,lcrowcombe1l@berkeley.edu,$2a$04$/TnpkVyNplcRwElrwjmK6OqIhTrN4NMlxUVyNNGlyKDYnAJH97Zhe,Accessories,NZ5236,0069-0125
59,lgridon1m,cspir1m@cbslocal.com,$2a$04$5a7LQ96/s2Lg6QznIWyctePBA3LUAMw4SlMLMtgiCdwbOTTW1X2KC,Food - Condiments,AC8181,0054-0276
60,aginner1n,bcliburn1n@shop-pro.jp,$2a$04$R.fCGEjhkPq37gxFdkF9P.yrhxZzTRPggHFsI0TrJA15jBV6mb01u,Food - Fresh Produce,KL2393,52125-600
61,lshapcote1o,smeade1o@nps.gov,$2a$04$TuXVEO97OQxgK0odisvb6.YspNiZJUzg1SdrVEWG4wc1aYvjLro0C,Home,AV2744,49999-104
62,cettles1p,frighy1p@parallels.com,$2a$04$tv0SDZ.WFCJgptim2nLpkeq2uV6dGQMVN9K8cBJKmQxW9.5c/wBsW,Food - Snacks,AF8357,42507-175
63,wmorch1q,cmichele1q@parallels.com,$2a$04$sqnYXRZYjIQfYpFpKC7HJ.F.oy70WtpUI5qBYcQQ8qmyDLRLN5wty,Food - Canned Goods,SQ2818,54569-0843
64,dmerryfield1r,jriepel1r@1und1.de,$2a$04$tARd3Z0Q8FxkwfqwtRqwLe6a5wTkreJ4lV3Gl2QE7WH6GaJRO33GG,Clothing - Activewear,SA8652,0603-0268
65,mfarquarson1s,kmowett1s@time.com,$2a$04$yb6KmDnSYdOTU5KlY3xdWeSeScNQT2QZf9pof7VXN2u3NdZPIDg6W,Fitness,ET5802,67457-431
66,halleyn1t,dcockerham1t@forbes.com,$2a$04$Po1adoc33nI97cHDxFcDiOaetHgCEvKOV5M/48HTyWmzU0WAs07Ea,Kitchen,QR9778,54632-002
67,tgyer1u,croake1u@clickbank.net,$2a$04$hVpQnKdK5jGjRsRIv03ccO1F7OT7fRPOHWl/PAPYOZ8lOpGRX/mjq,Garden,NH7997,16590-089
68,tcrew1v,cmylechreest1v@prlog.org,$2a$04$ky9IHH.Z8PNlVhL.vxfU2uDzBr/2IgX7s7ydKmdQKNMw0Ll/h4dG2,Food - Condiments,AZ6261,50653-4001
69,jmorrel1w,ddidsbury1w@fema.gov,$2a$04$d5k9gaNeFb5DWQuHaSUFHu2OfFlptYe.9wEQ.HDvTnSojjSHOr29m,Food - Cereal,UA2209,0069-4380
70,rmalec1x,fnarducci1x@myspace.com,$2a$04$7gqxK8/I4ATHa4KkNoJ7wODTIXi6hhxSy1RL1iQ4fduxDFdaPfLmS,Clothing - Jumpsuits,SK8067,14783-660
71,olanghor1y,jbursnell1y@wunderground.com,$2a$04$jGJ3a/0YR8YS.ZfTtm57d.K6yrlWRVI4I7fvjXtigRpEKZ61sqvsa,Food - Sauces,DL3314,57970-100
72,sphillins1z,nbarme1z@e-recht24.de,$2a$04$yN/Kfy4gC1qwdZ9R8ygX5.grQAgRGCA8NBcen/2WniJtnRaJUviTG,Accessories,EK6922,0168-0078
73,emarwood20,pphilipet20@about.me,$2a$04$Tb66ZhZvemyQ5T8JOsB1/eU8VeNAkdtav1R7PaEKoZnLh.m70OnNW,Food - Beverages,QR4365,51815-217
74,wodocherty21,jleeman21@redcross.org,$2a$04$/paizqSsRGfhVs7LrDHfSOZMrjWYsjxCwE1KjuBlzgNvOO40LEMq6,Pets,DL7405,49884-466
75,jhardeman22,hsperling22@time.com,$2a$04$EZnf6ZBTwbzHXoEQN1VtTOutxVf599oM7MDgU68Wp6/GYjWNeqU1W,Food - Frozen Foods,TG2617,41268-272
76,cbodman23,abratt23@surveymonkey.com,$2a$04$x4ej3jVP4f3U2VEmfXoLhOp6gVXnGHXpgf98DYJxdYCOl.p1OMu5a,Food - Snacks,AI5363,0054-0197
77,cchivrall24,epavolini24@list-manage.com,$2a$04$i7qqCVqbPPrC//WUPu2RCuZo/aAV3ALhLi4wIBwQEs3q2LeVhQn3C,Food - Breakfast,IB2377,50410-020
78,mmaccurtain25,hrousel25@arizona.edu,$2a$04$i.A6ivVgxnfDJA45ayXCgugMocsdJ0uM81ATHJVQ.BzJrc.paXrBi,Pets,KL7951,35356-814
79,mblay26,brack26@alibaba.com,$2a$04$nLlclyg9m2cR.9ZeTF1k5eK14YyAvhUXDAYXpMKvHNopJ8owd/su6,Home,AV3870,0245-0145
80,bfeore27,ssilverstone27@webnode.com,$2a$04$.XODT4VNc1pzs7XzCq.Vn.tlCscL2ywQS3v1lPVINg66iw39.c5ae,Food - Spices,ET9521,10812-837
81,gpolo28,rbluschke28@ftc.gov,$2a$04$wlnPLuS/OSDkVn9UgONhlO8U909M7rgdR11qyIiSTkI6xjwXMQSzi,Food - Produce,NZ5604,16714-588
82,cjoinsey29,eparratt29@businesswire.com,$2a$04$hV9A3OZW2QF4N06Xqp/ea.Vd2FtEoYeUXD8kH9ClXEuQD8JU/gSkC,Health,SK1604,76282-248
83,pbouch2a,abonnefin2a@wikimedia.org,$2a$04$ahDm/ovwqGlcZUFXnXLJgeGNcn8uo5yxMAfhvAUrj5swrTlCRw77y,Food - Meat,DL2865,63667-955
84,tfrow2b,kjarrell2b@time.com,$2a$04$i3Z3PtQZDXXV5LOLRKoylenPJ.3DbFsMFZY9gNEUg2ssLmk/Hq0Eu,Tools,AZ6282,60505-3952
85,froydon2c,sbenoist2c@cmu.edu,$2a$04$zqlRLkmNQROv4SqTMbYMOO8tZJdUPaoWqwC3eUnmhyYoMdvVxumAq,Pets,QR4886,49999-115
86,kubank2d,hfolini2d@domainmarket.com,$2a$04$RhTzWohro0lUe6lClDHPM.vpYtBSA3RoPhI3J6R.AGyVG3.skjpwG,Home Appliances,QF3681,0268-1168
87,tattenborrow2e,bmclevie2e@scribd.com,$2a$04$iuJU7cEAyPYnGmi9WO3S/.PBkMgNgCU6QSQWt82eKwege92umYj2O,Health,LH8573,43742-0224
88,gloader2f,nfratson2f@behance.net,$2a$04$h0eAgkJGyfhHhI.bnqzXoehqU1LKG0PJ7lUhY4OOMLSv2G3/ND8j2,Clothing - Skirts,BA7761,65193-939
89,dsperry2g,wokeenan2g@miibeian.gov.cn,$2a$04$mZ7s3.gFHi8P.q1gU9miv.jKxo8ZlpRCYusjJDDypZl2KFB.Iq80W,Home,AA7284,0409-4699
90,bdevanny2h,cdowney2h@craigslist.org,$2a$04$207cB7B6u0jGjovm/.5fXuW/XYyqRqQjBim9limgGS6YU2gNALvmC,Automotive,BA9479,54868-1744
91,ltripp2i,ggerant2i@statcounter.com,$2a$04$gPlLJeXv.5swnvRXXXV5ze/gsEt2Dt4KdlwqsaU/w5NM1AI1pahha,Music,AI3981,43742-0307
92,oceliz2j,mfuentez2j@mozilla.org,$2a$04$QFOKRdMuU9dynzaijb3Zgukvws4E7gPCjS64dMoXUGbwK/ufQfSXK,Food - Breakfast,QR7176,54868-4624
93,bmance2k,bholtham2k@acquirethisname.com,$2a$04$D3b4r.Dw4wQWxW.vyQRJaucew0QaIEWOxTygUMk7VL6x8CtMmJ7ru,Clothing,LA3260,0536-3990
94,lphilcock2l,cyukhnevich2l@bandcamp.com,$2a$04$wDpecSTYJFb2srCIkKr6TO6d/b1OpigfkpDLBaF1MXUv1XZ2GipJG,Food - Snacks,AA3879,0603-3442
95,lmushett2m,tlemon2m@de.vu,$2a$04$8I/WeKsDrYqvbLOdrrcNNePtg8sOcpRCoF/t5fPmoFufbsQ5BkZLy,Food - Meat,TG2641,58962-003
96,ssaban2n,oandino2n@google.co.jp,$2a$04$CY1icUTDmTW9B/FBZJJAOe8h9xHqXPEl6HPudMYbDe.UtHVhWAK5a,Outdoor,SA9162,43288-250
97,lkobus2o,sitzakovitz2o@ameblo.jp,$2a$04$9zCvNtmhCg3nFP5IYkSd2es0EM6cItUei6ypxZhoXr9iOMFYlHGuK,Clothing - Coats,TG8579,10736-016
98,myellowlees2p,cmadison2p@hc360.com,$2a$04$UT46sn9acM3Wum5E3itH0upSLUhqCiFu8Y0BJRDTUw7MxRDQ59yJG,Food - Beverages,AV6614,42217-203
99,ksherrum2q,rpetren2q@smugmug.com,$2a$04$xfimhsxDNDaoEkRyK80/T.OjntCZWUc7XfzUCw8as7xz/l3lxwCBa,Toys,SK2386,61703-418
100,htoffolini2r,igermaine2r@google.com,$2a$04$.zEJmPsMpnxq9iF/0NML3.j1eD5Ni.tO2FZpBvBqojt03dzwP2Z4u,Kitchen,LH2563,0573-0225
